cell_id,zone_name,area_km2,population,population_density,hospital_facilities,hospital_bed_capacity,distance_to_nearest_hospital_km,doctors_per_1000,emergency_response_time_min,hospital_load_index,coverage_score,coverage_label
1,East,0.922,22297,24183.8,1,97,0.64,0.69,10.1,22297,44.4,Needs Improvement
2,West,1.189,26252,22086.8,1,103,2.23,1.14,8.9,26252,34.6,Needs Improvement
3,West,0.8,7879,9844.7,2,298,1.31,1.2,10.9,3939,50.03,Good
4,North East,1.963,20119,10248.6,1,72,2.93,1.45,11.1,20119,28.6,Needs Improvement
5,North East,1.048,13033,12432.5,1,120,3.24,0.84,8.1,13033,37.05,Needs Improvement
6,North,4.497,55926,12435.4,2,128,3.39,1.55,11.0,27963,23.05,Needs Improvement
7,South,0.866,8853,10227.8,1,130,0.71,1.06,9.8,8853,55.53,Good
8,North West,1.32,35566,26939.0,1,79,3.47,0.84,8.1,35566,25.74,Needs Improvement
9,West,3.433,66286,19311.2,3,195,3.18,0.48,6.3,22095,34.27,Needs Improvement
10,South West,0.711,5902,8301.9,1,39,0.89,1.2,11.8,5902,50.86,Good
11,North East,2.419,17825,7370.1,2,194,2.99,1.65,6.9,8912,45.47,Needs Improvement
12,South West,0.66,5565,8436.4,1,149,0.64,1.72,6.7,5565,61.19,Good
13,Central,1.26,25437,20184.9,1,117,3.02,1.78,8.3,25437,30.67,Needs Improvement
14,South West,1.138,23473,20627.4,2,269,1.49,1.43,10.2,11736,47.0,Needs Improvement
15,Central,1.077,5951,5523.8,1,118,3.69,1.65,8.3,5951,38.4,Needs Improvement
16,North,2.939,95606,32524.7,2,196,0.55,1.39,16.0,47803,30.54,Needs Improvement
17,North West,2.663,29331,11014.2,2,221,2.69,1.23,11.2,14665,33.96,Needs Improvement
18,West,1.837,31666,17237.9,4,208,1.08,0.86,6.8,7916,58.22,Good
19,North,1.136,26000,22883.3,2,202,1.21,1.12,6.9,13000,52.58,Good
20,New Delhi,0.439,4046,9222.6,1,137,2.91,1.04,6.1,4046,47.23,Needs Improvement
21,South,1.814,22871,12610.9,1,77,1.18,1.9,6.6,22871,46.43,Needs Improvement
22,West,1.174,19862,16915.9,1,125,1.98,1.12,10.5,19862,36.07,Needs Improvement
23,North West,0.758,4295,5665.5,1,131,2.62,1.83,11.9,4295,39.46,Needs Improvement
24,East,1.377,13541,9836.8,3,382,0.81,1.33,8.8,4513,56.96,Good
25,West,1.363,16821,12337.9,1,162,1.89,2.17,10.5,16821,38.54,Needs Improvement
26,West,1.082,21234,19631.5,1,118,1.77,0.95,11.8,21234,34.62,Needs Improvement
27,North,1.552,21339,13748.6,3,359,2.34,0.81,11.3,7113,42.69,Needs Improvement
28,North West,4.877,61739,12659.5,2,196,2.89,1.87,10.0,30869,27.44,Needs Improvement
29,East,0.979,15568,15905.1,1,47,3.65,1.76,8.8,15568,30.56,Needs Improvement
30,Central,2.331,39962,17143.2,5,270,0.74,1.46,8.2,7992,58.23,Good
31,North,4.786,56939,11896.5,7,606,1.83,1.7,8.5,8134,51.12,Good
32,West,1.585,12186,7689.7,1,89,2.58,1.3,7.2,12186,43.9,Needs Improvement
33,North West,1.403,6846,4878.3,1,100,1.85,1.46,9.1,6846,49.14,Needs Improvement
34,West,2.29,23093,10085.2,1,111,2.24,0.5,10.1,23093,33.59,Needs Improvement
35,Central,1.268,19943,15724.8,1,75,1.37,1.6,10.6,19943,39.79,Needs Improvement
36,North,1.533,10519,6860.9,1,55,3.16,0.99,9.9,10519,38.13,Needs Improvement
37,North West,0.539,3823,7097.0,1,94,2.04,2.57,8.6,3823,48.72,Needs Improvement
38,South West,1.145,20086,17543.3,1,144,2.82,2.32,7.8,20086,34.96,Needs Improvement
39,West,2.827,57398,20303.3,2,220,2.45,0.5,8.2,28699,33.87,Needs Improvement
40,North East,1.26,27950,22183.5,2,257,1.75,1.11,11.2,13975,40.88,Needs Improvement
41,West,3.941,21344,5415.8,1,93,0.88,1.24,8.6,21344,45.72,Needs Improvement
42,North West,1.264,14339,11344.1,1,24,3.35,0.98,11.6,14339,28.93,Needs Improvement
43,South West,1.967,35767,18179.6,1,109,3.29,1.55,9.9,35767,23.94,Needs Improvement
44,West,0.751,5219,6946.0,1,82,2.79,1.43,8.7,5219,43.6,Needs Improvement
45,North West,1.077,7922,7357.0,1,131,2.85,2.01,11.5,7922,38.62,Needs Improvement
46,South West,0.966,10716,11096.1,1,168,2.45,2.5,10.2,10716,42.14,Needs Improvement
47,North,1.27,10462,8237.4,1,67,1.9,0.77,7.7,10462,50.21,Good
48,North,1.819,40166,22086.1,1,89,3.25,2.12,10.2,40166,23.06,Needs Improvement
49,East,0.868,11390,13117.8,1,92,3.14,1.28,7.5,11390,40.87,Needs Improvement
50,North West,0.598,5841,9775.4,1,81,1.8,1.78,8.6,5841,50.28,Good
51,South,1.238,9829,7941.2,1,74,3.54,2.26,6.9,9829,41.65,Needs Improvement
52,West,1.827,25308,13851.0,3,370,3.23,1.77,9.9,8436,39.18,Needs Improvement
53,East,3.022,42288,13993.8,2,210,2.17,1.69,7.7,21144,39.02,Needs Improvement
54,North,0.586,5239,8947.4,1,20,3.33,1.41,10.1,5239,37.61,Needs Improvement
55,Central,0.395,4477,11336.7,1,77,3.17,2.05,7.0,4477,43.92,Needs Improvement
56,West,0.878,9258,10542.6,1,94,1.88,1.29,8.8,9258,49.44,Needs Improvement
57,West,2.671,16731,6262.9,3,128,3.98,1.86,7.4,5577,38.01,Needs Improvement
58,East,0.595,8288,13929.4,1,78,3.31,1.91,7.0,8288,43.0,Needs Improvement
59,West,0.864,11566,13389.7,1,73,3.95,1.25,7.4,11566,35.41,Needs Improvement
60,North East,3.118,45265,14515.9,2,201,1.35,2.27,11.2,22632,37.94,Needs Improvement
61,North,1.007,18527,18395.1,2,152,1.8,1.79,6.3,9263,54.23,Good
62,South,1.173,15435,13157.1,1,49,1.32,1.57,7.5,15435,48.17,Needs Improvement
63,North East,1.35,20159,14933.8,1,74,2.63,1.46,11.2,20159,30.39,Needs Improvement
64,West,1.907,24274,12730.9,2,288,2.0,1.66,11.4,12137,41.12,Needs Improvement
65,South,1.093,6040,5528.3,1,62,3.55,1.31,10.7,6040,35.23,Needs Improvement
66,West,0.397,4082,10288.2,1,166,1.44,0.88,7.5,4082,54.62,Good
67,West,1.114,19780,17761.8,1,47,1.91,1.28,9.0,19780,38.94,Needs Improvement
68,East,1.481,14719,9937.4,1,26,2.94,2.96,6.5,14719,39.77,Needs Improvement
69,North East,0.217,2308,10622.9,1,106,1.38,1.63,9.8,2308,51.08,Good
70,South,2.547,27077,10631.3,2,240,1.3,0.97,9.2,13538,47.6,Needs Improvement
71,South,1.054,42864,40687.1,3,392,0.7,1.33,14.9,14288,41.53,Needs Improvement
72,North East,0.441,3962,8979.3,1,81,0.83,1.48,8.8,3962,56.32,Good
73,South,0.904,5103,5642.0,1,123,1.92,1.98,8.1,5103,50.39,Good
74,South,3.397,19219,5657.9,1,59,3.13,1.43,8.0,19219,32.9,Needs Improvement
75,South West,1.917,26578,13861.0,2,233,3.59,1.25,7.7,13289,35.3,Needs Improvement
76,North,1.314,11379,8658.8,2,167,1.23,0.93,7.2,5689,56.5,Good
77,East,1.12,12018,10730.8,1,103,3.99,1.63,11.6,12018,27.55,Needs Improvement
78,South West,0.32,5209,16297.1,1,131,1.11,1.16,6.9,5209,57.73,Good
79,Central,1.16,20348,17537.5,1,158,2.68,0.87,8.7,20348,34.28,Needs Improvement
80,New Delhi,2.172,18949,8723.2,1,81,1.02,1.69,7.5,18949,47.79,Needs Improvement
81,West,0.713,24011,33660.9,4,326,0.77,1.34,12.7,6002,50.63,Good
82,Central,1.682,45751,27203.3,2,174,3.05,1.79,8.1,22875,31.78,Needs Improvement
83,East,0.749,21098,28182.1,1,43,2.9,1.71,6.2,21098,36.45,Needs Improvement
84,North West,1.713,26822,15656.7,1,147,2.78,1.34,9.3,26822,30.23,Needs Improvement
85,New Delhi,0.538,7412,13769.4,1,89,1.09,1.68,7.7,7412,56.46,Good
86,North,1.492,20557,13776.7,2,201,3.3,2.39,9.8,10278,38.07,Needs Improvement
87,East,0.529,10691,20228.0,1,73,3.07,0.96,6.5,10691,44.11,Needs Improvement
88,East,0.466,2376,5095.1,1,27,2.35,1.13,8.3,2376,47.07,Needs Improvement
89,East,0.897,20831,23211.1,1,103,0.96,1.56,11.1,20831,41.27,Needs Improvement
90,East,0.993,19041,19165.7,3,348,3.89,1.67,8.2,6347,37.64,Needs Improvement
91,East,1.276,19133,14998.4,2,92,1.63,1.83,6.5,9566,54.91,Good
92,Central,0.667,13290,19910.2,2,334,2.47,1.07,10.2,6645,43.62,Needs Improvement
93,South,0.897,13559,15121.5,1,122,1.38,1.98,8.4,13559,48.19,Needs Improvement
94,South,1.148,9996,8704.6,1,39,0.9,1.64,6.1,9996,60.29,Good
95,North East,2.362,36167,15309.1,2,149,2.17,1.46,7.6,18083,40.68,Needs Improvement
96,East,2.328,40193,17262.8,3,227,1.55,0.73,8.5,13397,47.26,Needs Improvement
97,East,1.274,10679,8382.1,1,66,3.22,2.01,8.9,10679,39.14,Needs Improvement
98,North West,2.892,31798,10994.2,2,137,3.09,1.08,6.9,15899,37.29,Needs Improvement
99,North,1.14,13337,11699.5,1,103,3.89,1.04,7.6,13337,33.22,Needs Improvement
100,South,4.5,40154,8923.3,1,23,1.34,1.79,6.3,40154,42.02,Needs Improvement
101,North East,2.778,72850,26223.7,6,573,0.69,1.62,7.7,12141,56.37,Good
102,North,0.918,13783,15020.0,1,60,2.67,1.64,7.9,13783,40.19,Needs Improvement
103,West,0.819,8947,10924.0,1,108,3.61,2.68,8.5,8947,38.58,Needs Improvement
104,East,1.03,25346,24605.5,2,262,2.86,1.13,6.7,12673,42.55,Needs Improvement
105,East,2.295,24159,10527.8,1,151,1.51,2.1,12.0,24159,34.91,Needs Improvement
106,West,0.74,2000,2701.8,1,83,1.53,1.68,12.0,2000,46.39,Needs Improvement
107,West,1.703,9233,5420.0,1,80,2.9,2.74,7.6,9233,44.7,Needs Improvement
108,East,1.43,16700,11675.1,5,306,1.01,1.73,6.4,3340,59.51,Good
109,East,2.647,54577,20621.6,3,418,3.68,1.46,8.6,18192,29.46,Needs Improvement
110,North,0.671,13271,19774.0,1,74,2.51,1.43,7.8,13271,42.0,Needs Improvement
111,North West,0.971,8907,9169.6,1,102,3.26,1.38,11.2,8907,36.37,Needs Improvement
112,South West,0.738,9900,13421.7,1,83,1.43,1.06,11.5,9900,47.88,Needs Improvement
113,North West,2.361,23067,9770.7,2,126,3.78,2.22,11.6,11533,29.66,Needs Improvement
114,New Delhi,4.183,31924,7631.0,2,126,0.63,1.26,8.9,15962,50.08,Good
115,South,1.793,39499,22026.1,2,190,1.6,1.43,7.4,19749,43.9,Needs Improvement
116,North East,2.038,47807,23459.8,2,236,3.08,1.56,8.5,23903,30.65,Needs Improvement
117,North East,0.798,6532,8181.9,1,143,1.42,1.73,10.9,6532,49.05,Needs Improvement
118,East,2.557,35427,13854.8,3,325,2.69,1.86,11.4,11809,37.1,Needs Improvement
119,West,0.707,4807,6795.5,1,145,0.91,2.29,9.6,4807,54.57,Good
120,East,1.209,17664,14615.5,1,73,1.98,1.31,6.9,17664,43.23,Needs Improvement
121,East,0.803,13801,17190.2,1,80,0.9,1.7,9.7,13801,48.85,Needs Improvement
122,North West,0.995,16178,16265.4,1,146,0.95,0.72,9.7,16178,46.5,Needs Improvement
123,North West,1.667,42151,25286.4,1,137,3.31,1.18,7.5,42151,27.01,Needs Improvement
124,East,2.735,40863,14942.1,3,405,1.41,1.52,10.7,13621,44.56,Needs Improvement
125,North West,0.608,8497,13986.3,2,174,1.87,1.39,11.9,4248,44.47,Needs Improvement
126,North,0.748,14053,18778.3,1,84,1.55,2.08,9.4,14053,44.82,Needs Improvement
127,North,1.372,15356,11191.4,1,133,3.56,1.79,10.0,15356,29.47,Needs Improvement
128,North,1.149,9345,8132.5,1,76,2.56,1.67,9.9,9345,43.1,Needs Improvement
129,East,1.443,8385,5809.2,2,74,2.02,1.27,10.4,4192,45.82,Needs Improvement
130,West,0.78,11399,14620.2,2,186,1.09,1.46,9.2,5699,54.12,Good
131,North,0.853,3659,4287.3,1,80,2.87,1.71,6.9,3659,46.07,Needs Improvement
132,North West,0.647,9941,15358.4,1,155,3.39,2.57,7.6,9941,41.6,Needs Improvement
133,Central,1.564,18212,11644.1,1,61,0.77,1.71,6.9,18212,50.83,Good
134,North West,0.856,9816,11472.0,1,50,1.81,1.27,8.8,9816,49.82,Needs Improvement
135,North,1.768,54501,30818.0,2,195,0.49,2.01,8.6,27250,46.42,Needs Improvement
136,West,1.822,8953,4913.1,1,95,0.63,1.6,7.5,8953,59.83,Good
137,North,1.365,7526,5513.7,1,99,2.35,0.5,6.7,7526,49.85,Needs Improvement
138,South,2.487,12260,4930.2,1,51,1.06,1.14,8.9,12260,50.91,Good
139,North West,1.868,17425,9330.2,1,66,2.43,1.53,11.5,17425,32.75,Needs Improvement
140,West,2.67,30619,11468.5,1,125,1.01,1.33,11.1,30619,37.91,Needs Improvement
141,South,0.754,20513,27218.8,1,121,3.71,1.64,11.5,20513,22.69,Needs Improvement
142,Central,2.164,11192,5172.3,1,139,1.43,1.72,6.4,11192,54.34,Good
143,North,1.453,6458,4445.5,1,86,0.91,1.24,6.9,6458,58.97,Good
144,East,1.119,16736,14954.6,1,132,1.04,1.93,7.8,16736,48.64,Needs Improvement
145,South,3.486,78014,22378.0,9,633,0.8,2.39,9.2,8668,56.77,Good
146,Central,0.771,9175,11898.2,1,116,2.69,2.2,10.7,9175,40.98,Needs Improvement
147,North,1.212,20556,16956.6,2,189,3.64,1.74,6.5,10278,41.31,Needs Improvement
148,North West,1.339,9695,7238.3,1,161,2.94,1.95,11.4,9695,38.24,Needs Improvement
149,South West,1.045,11226,10743.2,1,78,3.36,1.87,8.2,11226,38.49,Needs Improvement
150,Central,1.945,19811,10186.2,1,82,1.58,1.04,8.5,19811,41.99,Needs Improvement
151,North West,3.133,132354,42241.3,7,297,0.49,1.38,13.6,18907,41.5,Needs Improvement
152,North West,2.296,18094,7879.5,2,120,2.53,1.21,8.9,9047,45.04,Needs Improvement
153,Central,0.604,3878,6421.5,1,85,1.77,1.58,7.5,3878,52.31,Good
154,East,0.742,8201,11056.7,1,84,2.78,2.11,7.4,8201,45.83,Needs Improvement
155,South West,2.122,18366,8656.9,1,38,1.82,1.25,9.3,18366,39.8,Needs Improvement
156,North,0.685,6375,9309.2,2,130,3.49,0.84,6.6,3187,42.57,Needs Improvement
157,New Delhi,1.128,6635,5879.8,1,69,0.64,1.45,8.1,6635,58.72,Good
158,West,0.633,7645,12078.2,1,20,1.54,2.24,7.9,7645,53.05,Good
159,West,0.353,2283,6475.5,1,35,3.88,1.05,10.3,2283,33.68,Needs Improvement
160,North East,0.405,17896,44154.9,1,52,0.73,1.58,10.8,17896,44.78,Needs Improvement
161,North West,0.788,9920,12585.7,1,65,2.84,0.8,10.7,9920,39.91,Needs Improvement
162,North,1.767,41354,23397.5,2,84,1.09,1.18,8.5,20677,44.79,Needs Improvement
163,North East,1.305,7820,5990.2,1,139,3.36,1.23,11.2,7820,35.78,Needs Improvement
164,South West,1.412,11221,7949.1,2,178,1.11,2.13,11.1,5610,50.81,Good
165,North West,1.536,17995,11714.9,1,135,1.87,1.13,8.3,17995,41.52,Needs Improvement
166,South,1.142,7815,6845.5,1,83,1.82,2.22,9.4,7815,48.81,Needs Improvement
167,North West,2.354,32658,13872.4,1,26,2.04,2.15,8.6,32658,34.73,Needs Improvement
168,West,1.299,7566,5822.8,1,104,3.71,1.1,7.6,7566,39.41,Needs Improvement
169,Central,1.313,43839,33388.9,1,140,0.3,1.81,14.6,43839,34.8,Needs Improvement
170,South,3.195,36755,11502.8,4,567,2.18,0.96,9.2,9188,47.59,Needs Improvement
171,North East,0.987,5574,5647.1,1,163,2.71,1.83,6.8,5574,47.43,Needs Improvement
172,East,1.391,36958,26569.4,3,229,0.99,2.17,10.8,12319,48.42,Needs Improvement
173,North East,1.391,8450,6076.1,1,90,3.97,1.34,6.2,8450,40.01,Needs Improvement
174,North East,2.691,24347,9048.6,1,116,3.96,1.56,8.9,24347,23.84,Needs Improvement
175,South,2.39,39353,16463.3,1,67,2.3,0.44,10.9,39353,28.21,Needs Improvement
176,West,0.617,5701,9238.5,1,28,1.3,2.19,8.2,5701,54.14,Good
177,New Delhi,0.71,6496,9152.2,1,107,3.83,0.92,6.7,6496,40.13,Needs Improvement
178,South,1.259,6861,5449.9,2,188,1.72,1.49,8.5,3430,51.15,Good
179,South,1.284,21166,16482.0,1,61,3.2,1.66,7.8,21166,31.81,Needs Improvement
180,West,3.743,166175,44399.7,13,1503,0.32,2.02,15.2,12782,47.03,Needs Improvement
181,South,1.772,32583,18385.6,1,121,0.75,1.38,9.1,32583,42.55,Needs Improvement
182,North West,1.189,10356,8711.4,1,134,1.4,1.88,9.2,10356,51.31,Good
183,South,1.769,11271,6370.3,1,126,1.91,1.32,8.1,11271,48.2,Needs Improvement
184,East,0.519,3726,7176.0,1,98,1.67,0.79,8.9,3726,50.66,Good
185,North West,1.5,20552,13697.8,2,189,3.64,2.13,11.7,10276,32.65,Needs Improvement
186,North,1.726,13425,7778.5,1,79,2.02,1.33,7.3,13425,45.89,Needs Improvement
187,West,0.343,4363,12733.2,1,109,3.15,1.18,9.7,4363,39.61,Needs Improvement
188,West,0.69,4548,6591.2,1,101,3.35,1.23,10.1,4548,37.61,Needs Improvement
189,West,1.09,15819,14512.6,2,220,3.03,0.65,9.8,7909,40.41,Needs Improvement
190,New Delhi,0.671,10498,15643.4,1,81,3.07,1.64,11.8,10498,35.64,Needs Improvement
191,North,1.136,6769,5959.1,1,76,2.22,0.94,8.6,6769,47.5,Needs Improvement
192,South West,1.171,14932,12749.7,1,45,1.42,2.2,7.8,14932,47.44,Needs Improvement
193,North,0.51,6705,13140.4,1,115,3.91,1.43,11.8,6705,31.12,Needs Improvement
194,East,1.193,19670,16490.9,2,94,1.35,2.05,8.4,9835,53.59,Good
195,South,1.612,17668,10962.7,1,82,2.52,0.95,6.5,17668,40.36,Needs Improvement
196,New Delhi,2.922,72121,24678.1,3,302,2.31,1.28,9.8,24040,33.61,Needs Improvement
197,North West,0.491,3189,6490.3,1,75,1.61,1.97,9.5,3189,50.02,Good
198,West,0.65,13696,21082.5,1,108,0.75,2.1,9.3,13696,50.66,Good
199,North West,1.636,30302,18523.2,1,71,3.36,2.09,11.3,30302,22.1,Needs Improvement
200,North East,3.864,157322,40713.3,19,2026,0.5,1.73,15.0,8280,51.4,Good
201,South,0.877,13622,15532.2,1,78,3.91,0.92,7.2,13622,33.4,Needs Improvement
202,West,1.301,25719,19767.3,3,60,1.35,1.97,6.5,8573,56.7,Good
203,North West,0.886,7892,8910.5,1,100,2.14,0.95,6.1,7892,52.24,Good
204,New Delhi,0.331,2000,6047.3,1,36,0.64,1.19,8.3,2000,58.33,Good
205,West,0.659,13142,19946.2,2,245,1.22,1.83,8.9,6571,53.86,Good
206,South,1.924,26717,13884.6,1,110,1.4,1.19,9.4,26717,39.11,Needs Improvement
207,West,1.06,14168,13366.6,1,94,1.65,1.28,11.3,14168,40.9,Needs Improvement
208,North East,0.926,4523,4883.2,1,162,3.95,1.37,7.9,4523,37.43,Needs Improvement
209,East,1.085,17714,16324.8,3,268,2.28,1.97,10.1,5904,44.93,Needs Improvement
210,South,0.893,13326,14916.7,1,108,0.84,1.92,10.7,13326,48.14,Needs Improvement
211,East,0.455,12120,26661.2,1,58,3.01,2.62,7.0,12120,41.44,Needs Improvement
212,North,0.555,5548,9987.5,1,57,2.31,1.78,10.9,5548,43.05,Needs Improvement
213,North,0.993,8142,8200.4,1,143,1.8,2.02,6.9,8142,53.21,Good
214,North West,0.942,7751,8230.6,1,71,1.99,1.09,7.4,7751,51.01,Good
215,South,0.453,4679,10338.1,1,132,2.24,1.97,11.4,4679,42.8,Needs Improvement
216,South West,1.742,44340,25446.7,1,84,1.39,2.12,11.8,44340,32.15,Needs Improvement
217,North East,1.968,19778,10049.1,1,118,2.76,1.86,8.7,19778,33.97,Needs Improvement
218,West,2.065,6784,3285.2,1,162,3.02,0.61,7.2,6784,44.72,Needs Improvement
219,East,1.275,16691,13093.3,1,24,1.96,0.71,7.0,16691,43.78,Needs Improvement
220,South,2.276,53433,23473.4,1,133,2.52,1.22,10.5,53433,26.2,Needs Improvement
221,North East,0.942,10868,11536.4,1,150,1.97,1.6,11.5,10868,42.84,Needs Improvement
222,South,0.554,4489,8109.0,1,141,2.52,1.03,9.6,4489,43.97,Needs Improvement
223,North West,0.677,21474,31707.0,1,138,0.77,1.73,8.8,21474,46.13,Needs Improvement
224,East,4.587,139114,30326.7,7,876,0.63,1.4,6.2,19873,53.36,Good
225,West,0.895,6677,7458.1,1,74,1.44,1.73,10.8,6677,48.97,Needs Improvement
226,West,0.613,3834,6258.8,1,93,1.2,1.66,7.8,3834,55.58,Good
227,South,1.18,26662,22604.5,1,89,1.41,1.09,8.1,26662,41.19,Needs Improvement
228,North West,2.265,17126,7562.8,3,279,1.36,1.75,8.1,5708,54.33,Good
229,South,1.59,13915,8753.4,1,128,3.49,1.81,6.7,13915,36.77,Needs Improvement
230,South West,1.22,9177,7521.4,1,82,1.74,1.22,8.4,9177,51.01,Good
231,North,2.003,48116,24027.2,2,40,1.54,1.44,6.3,24058,44.06,Needs Improvement
232,North,1.238,15911,12848.8,1,106,2.23,1.21,7.3,15911,42.22,Needs Improvement
233,South,0.599,6752,11281.3,2,151,2.14,1.25,9.5,3376,46.66,Needs Improvement
234,New Delhi,0.728,5857,8049.9,1,123,2.49,1.33,11.1,5857,41.64,Needs Improvement
235,South,1.844,38527,20893.8,1,96,3.71,1.88,9.2,38527,21.93,Needs Improvement
236,South,0.529,10237,19334.2,1,56,3.89,0.62,11.4,10237,31.35,Needs Improvement
237,North,0.896,18223,20336.8,1,72,3.19,1.97,6.3,18223,35.92,Needs Improvement
238,North East,1.792,12331,6882.7,2,183,0.71,2.07,8.8,6165,57.28,Good
239,West,0.836,4854,5804.6,1,54,0.7,1.67,11.6,4854,52.47,Good
240,North West,2.397,34472,14379.0,4,381,2.12,1.9,8.6,8618,48.67,Needs Improvement
241,West,0.806,13629,16919.8,1,54,3.66,2.11,6.5,13629,36.17,Needs Improvement
242,North West,0.754,12716,16871.3,1,79,1.15,0.81,8.8,12716,49.94,Needs Improvement
243,South,2.671,77761,29109.3,7,396,3.65,0.98,9.1,11108,35.8,Needs Improvement
244,South,0.521,5740,11019.9,1,69,2.9,2.09,11.0,5740,39.02,Needs Improvement
245,North,0.26,6438,24780.0,1,50,3.01,1.94,8.2,6438,42.93,Needs Improvement
246,North West,0.722,3573,4951.1,2,194,3.22,2.0,9.8,1786,39.12,Needs Improvement
247,North East,1.155,7437,6440.1,1,86,2.97,0.74,9.3,7437,41.42,Needs Improvement
248,East,1.225,18352,14986.3,1,125,3.91,2.1,9.9,18352,25.2,Needs Improvement
249,North East,2.053,29745,14486.8,1,99,1.62,0.34,10.3,29745,35.38,Needs Improvement
250,South,1.17,21499,18370.3,4,284,2.1,2.16,10.3,5374,45.81,Needs Improvement
251,New Delhi,0.614,19780,32239.2,1,105,0.59,1.98,10.7,19780,44.89,Needs Improvement
252,East,0.937,11894,12693.5,1,144,1.49,1.53,10.0,11894,46.9,Needs Improvement
253,West,0.661,8438,12773.4,1,138,1.65,0.91,6.3,8438,55.19,Good
254,West,0.788,8354,10595.7,1,60,3.11,2.17,9.6,8354,39.96,Needs Improvement
255,North,1.876,20984,11184.0,3,216,2.46,1.66,7.0,6994,48.82,Needs Improvement
256,West,1.159,26802,23116.2,4,795,2.42,1.14,11.2,6700,43.05,Needs Improvement
257,New Delhi,1.26,14327,11371.5,1,60,1.53,1.59,11.9,14327,40.48,Needs Improvement
258,North West,3.227,49676,15394.5,5,497,3.5,1.22,10.6,9935,36.45,Needs Improvement
259,West,1.356,15533,11451.3,1,92,3.3,1.21,7.6,15533,34.97,Needs Improvement
260,North West,0.595,8090,13587.1,1,70,2.75,0.44,10.8,8090,40.34,Needs Improvement
261,North,0.772,15402,19949.4,1,148,3.67,2.03,9.8,15402,29.07,Needs Improvement
262,West,1.235,19362,15679.7,1,93,1.81,0.52,11.9,19362,35.06,Needs Improvement
263,South,0.483,15782,32676.0,1,47,0.66,1.92,12.2,15782,44.39,Needs Improvement
264,South,2.315,30350,13107.7,3,274,2.21,2.19,7.5,10116,49.5,Needs Improvement
265,West,0.75,14971,19961.6,1,93,1.65,0.6,11.2,14971,40.31,Needs Improvement
266,South,0.582,3317,5703.8,1,137,0.72,1.85,6.5,3317,60.97,Good
267,North,1.294,19138,14792.8,1,123,1.15,1.5,11.1,19138,40.91,Needs Improvement
268,South West,3.333,52147,15643.9,5,553,3.06,0.77,9.5,10429,40.45,Needs Improvement
269,South West,1.56,13687,8771.0,1,155,3.91,1.83,8.5,13687,31.3,Needs Improvement
270,New Delhi,2.399,58475,24376.2,3,316,0.72,1.51,6.4,19491,51.7,Good
271,North West,1.306,19648,15045.4,2,206,2.1,1.83,8.6,9824,48.51,Needs Improvement
272,South,0.937,8591,9172.2,2,207,3.57,1.53,6.4,4295,42.51,Needs Improvement
273,South,1.115,22246,19957.3,1,26,2.76,1.77,7.0,22246,35.52,Needs Improvement
274,North,1.438,45377,31558.3,1,46,0.32,2.21,6.3,45377,48.19,Needs Improvement
275,East,1.774,13000,7328.0,1,105,2.11,1.2,11.4,13000,38.99,Needs Improvement
276,New Delhi,0.675,12674,18790.0,1,84,4.0,1.35,7.1,12674,34.09,Needs Improvement
277,West,0.835,16603,19892.5,1,73,3.26,1.32,6.3,16603,36.54,Needs Improvement
278,Central,2.223,15067,6776.8,1,101,2.1,1.29,7.5,15067,43.44,Needs Improvement
279,North West,3.294,41210,12510.0,3,441,3.67,1.88,8.4,13736,33.47,Needs Improvement
280,North East,3.413,26312,7709.0,1,144,3.25,1.62,8.3,26312,28.94,Needs Improvement
281,West,5.399,121708,22542.5,9,203,3.48,1.27,11.8,13523,28.88,Needs Improvement
282,West,2.714,71641,26393.1,4,479,2.97,0.96,7.7,17910,35.91,Needs Improvement
283,East,0.339,5293,15597.3,1,71,1.98,1.61,8.3,5293,49.57,Needs Improvement
284,South,2.424,73940,30499.1,10,1202,0.44,1.83,11.8,7394,55.76,Good
285,North,0.688,5630,8183.5,1,42,2.1,2.31,9.4,5630,46.9,Needs Improvement
286,South,1.708,39937,23384.0,4,373,3.81,1.57,6.1,9984,41.7,Needs Improvement
287,Central,0.644,3008,4667.9,1,110,3.46,1.3,11.3,3008,34.9,Needs Improvement
288,East,1.444,18350,12711.3,1,148,3.96,0.31,11.1,18350,22.91,Needs Improvement
289,West,1.653,25336,15331.6,7,723,1.13,1.02,8.6,3619,55.75,Good
290,East,1.812,38093,21021.7,1,73,1.41,1.09,6.5,38093,41.58,Needs Improvement
291,New Delhi,0.529,5431,10258.0,1,108,3.17,1.9,10.4,5431,38.31,Needs Improvement
292,North,1.763,21956,12454.6,2,40,2.29,1.44,9.7,10978,43.37,Needs Improvement
293,North,1.567,28007,17870.7,2,147,3.78,2.26,11.7,14003,26.47,Needs Improvement
294,North East,0.719,4541,6318.6,2,297,0.6,1.42,6.8,2270,61.53,Good
295,East,3.852,82945,21535.6,5,659,1.97,1.5,7.7,16589,43.68,Needs Improvement
296,New Delhi,1.497,24187,16158.8,1,151,3.96,0.85,6.5,24187,27.95,Needs Improvement
297,South,0.84,22828,27166.3,1,153,0.86,0.99,9.0,22828,44.67,Needs Improvement
298,Central,0.996,12381,12432.3,2,320,2.12,1.34,9.4,6190,47.24,Needs Improvement
299,North West,1.866,35688,19123.9,3,420,2.56,1.57,6.6,11896,45.99,Needs Improvement
300,North,0.587,12400,21130.4,1,59,3.44,1.49,10.9,12400,31.74,Needs Improvement
301,North,0.519,7605,14639.9,2,171,2.42,1.46,9.6,3802,44.68,Needs Improvement
302,West,1.526,13634,8932.3,1,91,3.97,1.79,7.9,13634,31.85,Needs Improvement
303,North East,0.627,6695,10671.4,1,118,3.71,1.26,11.2,6695,33.44,Needs Improvement
304,West,6.046,407723,67431.3,23,2356,0.35,0.57,11.1,17727,50.72,Good
305,North West,2.026,21705,10715.1,2,113,2.48,1.17,11.9,10852,38.78,Needs Improvement
306,South,2.113,38776,18347.7,2,237,0.73,0.91,10.8,19388,44.22,Needs Improvement
307,North,2.299,55726,24238.8,6,529,1.62,0.94,11.6,9287,47.21,Needs Improvement
308,South,1.294,27500,21252.7,1,94,3.43,1.82,9.8,27500,24.85,Needs Improvement
309,West,0.694,10964,15805.4,1,121,3.1,1.47,10.7,10964,36.53,Needs Improvement
310,North East,0.798,8987,11259.0,1,72,3.52,1.81,9.7,8987,37.11,Needs Improvement
311,West,1.993,33889,17006.7,1,130,3.57,2.02,8.4,33889,24.95,Needs Improvement
312,North West,0.833,5753,6905.8,2,122,2.98,1.19,9.2,2876,41.58,Needs Improvement
313,North East,0.575,9538,16587.9,1,107,1.58,1.28,6.1,9538,55.93,Good
314,West,1.989,12644,6357.9,1,112,3.81,1.27,6.7,12644,36.09,Needs Improvement
315,West,3.104,65768,21190.9,6,499,1.34,1.09,10.1,10961,49.74,Needs Improvement
316,East,0.583,7046,12083.5,1,74,3.01,1.34,7.9,7046,43.47,Needs Improvement
317,North West,1.738,16090,9260.4,2,289,0.73,1.66,11.0,8045,53.66,Good
318,South,1.342,7003,5219.3,1,147,2.65,2.5,8.1,7003,45.63,Needs Improvement
319,New Delhi,1.885,21417,11363.1,1,122,2.85,1.64,8.6,21417,32.77,Needs Improvement
320,New Delhi,1.351,19927,14745.6,2,207,1.29,1.68,8.6,9963,53.84,Good
321,South West,1.647,7356,4466.0,1,155,0.82,1.57,9.6,7356,55.18,Good
322,South,1.436,17489,12183.0,1,93,0.82,2.09,6.0,17489,52.51,Good
323,South West,2.437,38936,15978.4,3,487,2.44,1.86,11.4,12978,37.48,Needs Improvement
324,East,1.587,14314,9017.4,2,318,3.95,1.51,8.4,7157,36.86,Needs Improvement
325,Central,0.959,14679,15309.6,1,163,1.97,1.69,7.4,14679,44.92,Needs Improvement
326,South,0.352,5570,15819.7,1,110,2.2,0.98,6.4,5570,51.36,Good
327,North East,1.498,20494,13683.6,1,32,2.18,0.98,11.6,20494,32.45,Needs Improvement
328,West,0.863,8547,9903.9,1,76,2.72,1.85,10.6,8547,40.88,Needs Improvement
329,North,0.685,6170,9012.6,1,54,3.46,0.51,9.5,6170,37.81,Needs Improvement
330,South,0.803,7298,9085.2,1,116,2.6,2.18,7.7,7298,46.57,Needs Improvement
331,Central,1.631,19534,11977.1,1,115,2.93,0.64,8.1,19534,33.97,Needs Improvement
332,North,3.272,42271,12917.9,5,359,1.29,1.53,9.2,8454,53.09,Good
333,South,3.018,26939,8924.7,1,106,2.68,1.14,7.2,26939,34.29,Needs Improvement
334,Central,3.372,53929,15995.4,3,591,0.73,0.48,9.7,17976,47.46,Needs Improvement
335,West,1.538,6665,4333.3,1,162,0.7,0.83,7.5,6665,59.48,Good
336,Central,0.891,4824,5416.7,1,83,1.76,1.13,7.3,4824,52.71,Good
337,South,0.985,9665,9813.5,1,88,3.63,2.03,7.6,9665,39.91,Needs Improvement
338,South West,1.034,8558,8278.4,1,119,2.07,1.28,9.2,8558,47.56,Needs Improvement
339,South,1.712,30906,18049.7,1,148,0.65,2.23,11.4,30906,39.76,Needs Improvement
340,North,1.084,2607,2406.0,1,120,0.68,1.54,10.3,2607,54.88,Good
341,Central,1.227,12746,10384.8,1,20,3.16,1.0,7.1,12746,39.42,Needs Improvement
342,West,1.371,16816,12264.3,1,105,3.61,1.76,7.8,16816,31.63,Needs Improvement
343,North West,1.2,27382,22822.2,1,114,2.44,2.35,8.6,27382,33.42,Needs Improvement
344,North West,0.404,5570,13789.2,1,76,2.69,1.72,9.3,5570,43.25,Needs Improvement
345,South,1.647,26269,15953.6,4,142,3.67,0.89,7.9,6567,39.24,Needs Improvement
346,North West,1.947,26988,13863.1,1,95,3.1,0.79,7.3,26988,31.32,Needs Improvement
347,South,1.586,29697,18719.0,2,290,2.17,0.3,6.5,14848,45.16,Needs Improvement
348,West,1.239,48125,38831.3,1,65,0.32,2.32,16.1,48125,31.64,Needs Improvement
349,Central,0.405,10999,27143.2,1,70,0.72,1.35,8.2,10999,56.21,Good
350,North West,5.098,205288,40265.7,13,907,0.78,1.46,12.2,15791,45.03,Needs Improvement
351,South,0.628,10340,16461.8,1,61,1.91,1.42,10.0,10340,46.53,Needs Improvement
352,Central,0.908,10551,11621.2,1,83,3.82,1.66,9.7,10551,34.11,Needs Improvement
353,North West,0.956,25757,26946.1,1,101,0.6,1.5,10.5,25757,42.8,Needs Improvement
354,Central,2.503,16012,6396.2,1,111,3.58,1.53,8.5,16012,31.27,Needs Improvement
355,Central,1.19,9203,7736.0,1,76,2.42,1.05,11.5,9203,41.35,Needs Improvement
356,West,1.122,18886,16839.3,2,140,3.55,1.13,9.7,9443,37.03,Needs Improvement
357,North West,1.007,6410,6362.5,1,52,2.0,1.84,11.4,6410,44.24,Needs Improvement
358,North East,1.014,23217,22895.6,1,119,0.95,1.14,11.1,23217,40.38,Needs Improvement
359,North West,1.547,16556,10702.9,1,84,2.52,2.0,7.2,16556,39.96,Needs Improvement
360,North,1.318,31787,24120.9,1,60,1.06,1.92,9.5,31787,39.9,Needs Improvement
361,East,1.216,5375,4418.7,1,131,2.37,0.97,6.8,5375,49.61,Needs Improvement
362,West,2.917,86863,29775.1,7,442,1.8,1.13,11.8,12409,41.66,Needs Improvement
363,South West,1.103,14475,13123.0,1,87,3.18,2.04,11.1,14475,30.86,Needs Improvement
364,North,3.706,39562,10673.7,1,45,0.71,1.28,7.2,39562,44.78,Needs Improvement
365,West,0.706,14792,20965.4,1,62,2.9,1.74,7.7,14792,38.03,Needs Improvement
366,New Delhi,0.713,4102,5749.5,1,106,1.82,1.27,9.0,4102,49.52,Needs Improvement
367,South West,5.28,34323,6500.2,5,426,2.07,1.75,8.8,6864,48.74,Needs Improvement
368,South,1.2,21185,17647.3,1,91,2.59,1.0,7.7,21185,36.04,Needs Improvement
369,South West,2.177,29032,13338.2,2,280,1.08,0.73,10.7,14516,45.62,Needs Improvement
370,North,0.591,8363,14146.8,1,52,3.57,1.06,9.6,8363,36.92,Needs Improvement
371,West,1.245,10786,8661.9,1,77,0.65,1.55,10.1,10786,53.88,Good
372,West,1.032,4401,4263.3,1,42,3.34,1.43,10.9,4401,36.25,Needs Improvement
373,North West,1.138,13449,11813.8,3,99,1.63,1.34,7.6,4483,53.09,Good
374,East,2.186,9986,4568.7,1,47,0.74,0.77,9.7,9986,55.36,Good
375,South,1.184,9175,7747.2,1,58,0.87,1.41,8.8,9175,56.02,Good
376,New Delhi,1.298,21530,16581.8,2,219,3.87,1.29,7.9,10765,36.63,Needs Improvement
377,East,1.956,18976,9701.9,1,95,3.9,1.17,9.4,18976,25.69,Needs Improvement
378,South West,1.32,19893,15075.4,1,87,3.82,1.72,7.7,19893,28.55,Needs Improvement
379,South,5.036,147143,29220.4,9,1102,1.14,1.71,6.0,16349,52.89,Good
380,North,1.993,16889,8474.1,1,34,3.63,1.33,8.9,16889,29.5,Needs Improvement
381,East,1.128,24322,21569.7,1,126,2.19,0.98,11.3,24322,31.51,Needs Improvement
382,West,2.246,14674,6532.7,1,59,1.84,1.01,9.8,14674,41.61,Needs Improvement
383,North East,2.247,25281,11248.7,1,49,2.88,1.67,6.1,25281,35.19,Needs Improvement
384,North East,1.097,8227,7500.7,1,87,2.45,1.34,8.7,8227,45.84,Needs Improvement
385,Central,1.216,14039,11549.2,1,74,1.08,1.6,10.5,14039,46.08,Needs Improvement
386,Central,2.393,17291,7225.1,1,162,2.71,1.43,8.6,17291,35.99,Needs Improvement
387,South,1.146,18786,16396.9,1,167,0.73,1.98,9.9,18786,45.94,Needs Improvement
388,Central,0.63,5307,8417.2,1,95,2.44,1.08,6.7,5307,49.25,Needs Improvement
389,North West,1.175,15670,13340.7,1,77,1.43,1.57,8.7,15670,45.3,Needs Improvement
390,South West,0.865,11619,13439.3,4,529,1.12,1.81,9.4,2904,54.16,Good
391,New Delhi,2.508,32397,12915.7,5,415,3.93,1.5,10.9,6479,32.99,Needs Improvement
392,South,2.094,11582,5530.4,2,102,2.18,0.83,7.6,5791,49.48,Needs Improvement
393,East,1.511,38043,25173.8,3,299,2.28,1.46,11.1,12681,39.09,Needs Improvement
394,North,0.49,6512,13299.5,1,79,3.92,1.51,8.3,6512,36.82,Needs Improvement
395,South,0.941,15736,16721.3,1,109,1.97,1.5,6.3,15736,45.75,Needs Improvement
396,Central,1.309,29902,22836.7,3,356,3.63,1.64,9.0,9967,38.03,Needs Improvement
397,South,1.017,10524,10348.4,1,129,2.88,1.6,11.5,10524,37.42,Needs Improvement
398,East,1.284,16597,12924.2,1,50,3.15,1.57,10.4,16597,30.39,Needs Improvement
399,North,0.472,5084,10776.3,1,117,1.23,2.09,11.3,5084,49.59,Needs Improvement
400,North West,5.357,93223,17401.6,10,698,1.12,1.51,6.1,9322,59.94,Good
401,North,2.512,24394,9709.5,2,266,3.23,1.9,10.8,12197,33.91,Needs Improvement
402,North,1.068,19484,18250.4,1,111,1.67,1.33,10.5,19484,38.28,Needs Improvement
403,West,3.76,34401,9149.3,5,323,1.47,2.05,10.2,6880,50.18,Good
404,South West,0.725,12786,17643.0,1,66,3.55,1.81,7.3,12786,36.55,Needs Improvement
405,North East,1.688,16527,9790.3,1,69,3.15,1.63,6.3,16527,37.31,Needs Improvement
406,Central,1.001,16804,16788.0,1,68,1.96,1.57,11.2,16804,36.77,Needs Improvement
407,East,2.969,45847,15444.4,3,382,1.5,1.25,6.4,15282,49.5,Needs Improvement
408,North West,1.873,24166,12900.4,1,36,3.74,1.25,10.0,24166,23.38,Needs Improvement
409,East,2.928,40389,13794.7,2,239,3.79,2.26,9.9,20194,25.18,Needs Improvement
410,North,1.402,32164,22936.4,2,173,3.41,1.19,9.6,16082,30.61,Needs Improvement
411,North East,0.343,3420,9980.6,1,87,0.72,0.7,11.8,3420,52.06,Good
412,West,1.171,13768,11753.7,1,68,3.5,0.88,6.9,13768,36.43,Needs Improvement
413,East,1.369,12074,8821.4,1,20,0.62,1.25,6.7,12074,57.67,Good
414,South West,0.894,10954,12258.4,2,290,1.1,2.01,8.4,5477,55.56,Good
415,South West,0.699,9447,13521.5,1,45,2.19,0.79,11.9,9447,42.15,Needs Improvement
416,East,2.621,37302,14231.8,4,252,1.68,2.22,11.1,9325,47.18,Needs Improvement
417,North,2.291,51454,22460.1,5,526,1.43,1.54,11.3,10290,48.39,Needs Improvement
418,North East,0.666,9371,14069.6,1,98,3.86,1.14,8.6,9371,36.75,Needs Improvement
419,East,0.498,2000,4014.7,1,129,2.0,0.4,10.0,2000,46.71,Needs Improvement
420,North,1.844,27922,15143.1,3,266,3.91,0.64,8.3,9307,37.2,Needs Improvement
421,East,0.919,20354,22159.5,2,129,1.76,1.19,11.3,10177,45.77,Needs Improvement
422,South West,0.387,6514,16846.2,1,78,1.47,1.51,7.8,6514,53.77,Good
423,North West,0.483,9556,19786.4,1,61,2.69,0.44,6.5,9556,47.89,Needs Improvement
424,East,1.213,7606,6268.3,2,59,1.15,1.58,7.9,3803,55.68,Good
425,West,2.107,16209,7691.9,1,117,2.48,1.14,11.9,16209,32.7,Needs Improvement
426,South West,0.475,11226,23620.9,1,150,1.34,1.55,8.1,11226,52.07,Good
427,East,1.313,14213,10822.8,1,104,1.21,2.12,8.3,14213,48.77,Needs Improvement
428,West,5.236,46378,8858.3,2,257,1.49,2.33,9.1,23189,40.4,Needs Improvement
429,North West,0.367,2773,7556.0,1,20,0.97,1.62,8.7,2773,55.47,Good
430,South,0.555,28744,51758.9,1,100,0.39,0.86,12.1,28744,40.71,Needs Improvement
431,North West,0.726,7398,10184.9,1,202,3.34,0.52,9.3,7398,39.18,Needs Improvement
432,North East,0.578,4618,7986.3,1,41,3.74,1.4,9.3,4618,36.28,Needs Improvement
433,South,3.852,68197,17706.0,1,122,3.05,1.76,6.9,68197,27.89,Needs Improvement
434,East,1.022,15497,15163.4,1,65,1.12,0.71,7.4,15497,49.63,Needs Improvement
435,North West,1.08,16001,14815.5,1,88,1.13,0.3,9.4,16001,45.86,Needs Improvement
436,West,1.324,6682,5046.7,1,54,2.31,1.1,11.1,6682,42.71,Needs Improvement
437,North West,0.183,2000,10931.8,1,88,3.28,1.23,6.1,2000,44.72,Needs Improvement
438,North,0.647,20611,31851.0,1,40,0.66,1.69,6.5,20611,50.91,Good
439,South,3.045,51407,16880.3,2,209,1.18,1.45,10.2,25703,39.68,Needs Improvement
440,West,2.373,8298,3496.3,1,20,2.53,0.98,7.2,8298,47.7,Needs Improvement
441,New Delhi,0.985,7075,7180.3,1,72,2.17,1.75,10.5,7075,44.66,Needs Improvement
442,North East,0.648,9110,14065.6,1,176,2.99,0.77,10.2,9110,39.94,Needs Improvement
443,North,0.885,11360,12841.1,1,105,0.82,1.02,7.2,11360,56.7,Good
444,South West,2.111,37055,17552.9,3,284,1.56,1.0,9.7,12351,46.55,Needs Improvement
445,North East,1.347,15822,11747.6,3,201,3.46,1.41,8.2,5274,40.22,Needs Improvement
446,East,2.178,20417,9375.0,1,105,3.78,2.55,6.0,20417,31.42,Needs Improvement
447,North West,0.667,5161,7733.5,1,74,0.9,1.24,8.2,5161,56.85,Good
448,East,1.147,10989,9576.9,1,162,0.71,1.67,10.2,10989,53.11,Good
449,North,2.904,67965,23402.4,1,128,2.27,2.43,7.3,67965,32.37,Needs Improvement
450,West,0.7,13701,19576.6,3,480,0.61,2.58,7.7,4567,60.27,Good
451,North,0.463,6930,14951.6,1,92,2.19,0.75,10.9,6930,43.89,Needs Improvement
452,North,2.453,11725,4780.0,1,82,3.64,1.32,11.8,11725,29.9,Needs Improvement
453,South,1.323,17249,13036.6,2,237,1.34,1.38,10.0,8624,51.23,Good
454,West,1.436,15124,10529.7,2,104,3.08,0.93,8.0,7562,42.89,Needs Improvement
455,New Delhi,0.582,5653,9713.4,1,45,1.17,1.48,7.8,5653,55.69,Good
456,West,0.702,7726,10999.8,1,91,2.0,2.14,9.5,7726,47.48,Needs Improvement
457,East,1.06,14363,13555.5,1,92,2.76,1.3,10.3,14363,35.07,Needs Improvement
458,North West,0.626,4904,7833.5,1,70,2.79,2.2,7.0,4904,46.41,Needs Improvement
459,East,2.445,27402,11205.1,4,526,1.44,1.59,7.4,6850,55.39,Good
460,North,3.303,86246,26114.9,4,267,2.4,1.86,8.3,21561,36.41,Needs Improvement
461,South West,1.874,19484,10394.9,1,93,0.67,2.01,10.7,19484,44.49,Needs Improvement
462,North,0.765,7447,9737.4,1,91,1.07,2.54,11.4,7447,50.43,Good
463,North West,1.55,15441,9964.1,2,201,1.8,0.76,6.6,7720,53.81,Good
464,Central,0.503,8414,16720.0,1,86,3.09,1.8,10.0,8414,39.46,Needs Improvement
465,North,1.807,14784,8183.1,1,95,1.74,1.38,9.7,14784,42.39,Needs Improvement
466,East,1.477,23843,16145.2,3,255,0.88,1.5,8.4,7947,56.95,Good
467,East,0.98,10430,10641.5,2,355,0.81,1.41,9.3,5215,56.08,Good
468,East,1.698,18775,11057.0,2,204,1.03,0.42,12.0,9387,49.88,Needs Improvement
469,East,0.853,14931,17500.4,1,115,1.73,0.83,8.1,14931,45.02,Needs Improvement
470,North East,1.38,34504,25004.8,1,116,1.84,1.15,11.6,34504,30.87,Needs Improvement
471,Central,5.146,63395,12318.2,2,132,3.91,1.87,10.6,31697,19.46,Needs Improvement
472,East,3.508,47970,13672.8,2,181,3.33,1.38,6.5,23985,32.21,Needs Improvement
473,South West,1.203,7742,6436.3,1,126,1.91,1.71,11.7,7742,44.46,Needs Improvement
474,North East,0.853,9097,10667.2,1,83,0.95,1.49,8.2,9097,56.54,Good
475,South,1.139,22539,19783.1,2,236,0.61,1.49,10.5,11269,52.94,Good
476,New Delhi,0.797,14638,18356.2,1,147,0.88,0.73,8.1,14638,50.93,Good
477,North West,1.021,11637,11397.0,1,85,3.41,2.08,6.9,11637,39.71,Needs Improvement
478,South,0.601,9426,15689.8,1,63,2.53,1.52,7.3,9426,47.61,Needs Improvement
479,North,1.37,31349,22874.2,4,308,2.53,1.72,9.2,7837,44.85,Needs Improvement
480,South,1.542,23243,15074.8,1,102,2.39,0.95,10.2,23243,32.37,Needs Improvement
481,North West,0.546,10140,18578.1,1,48,3.67,1.38,8.6,10140,37.64,Needs Improvement
482,South West,1.337,14561,10893.0,1,138,1.57,1.33,9.3,14561,44.45,Needs Improvement
483,East,1.22,24940,20448.4,1,86,2.77,1.46,7.8,24940,33.25,Needs Improvement
484,West,1.332,20238,15189.2,1,93,2.05,1.99,9.5,20238,37.03,Needs Improvement
485,Central,1.518,18273,12039.5,2,198,0.71,1.25,7.7,9136,59.14,Good
486,South,1.565,20635,13187.1,2,117,2.72,1.73,8.0,10317,44.67,Needs Improvement
487,North,2.385,59522,24958.2,5,291,1.79,1.8,6.2,11904,51.49,Good
488,South,2.85,26459,9284.9,3,302,2.78,1.84,9.2,8819,43.2,Needs Improvement
489,West,2.18,42980,19711.1,4,319,3.83,0.81,11.0,10745,31.93,Needs Improvement
490,East,1.134,23383,20627.4,1,133,2.12,2.29,7.2,23383,39.14,Needs Improvement
491,East,0.902,9730,10784.4,1,70,1.68,1.46,10.2,9730,48.38,Needs Improvement
492,North West,1.461,43553,29812.6,5,620,2.73,0.69,11.4,8710,40.39,Needs Improvement
493,North,1.614,40534,25111.2,2,180,0.99,0.85,10.9,20267,41.8,Needs Improvement
494,North East,1.095,9147,8356.3,1,145,2.42,0.83,8.3,9147,46.8,Needs Improvement
495,East,3.339,31685,9488.0,1,60,0.63,1.03,8.3,31685,44.75,Needs Improvement
496,West,1.144,13769,12035.8,1,97,1.97,1.56,9.7,13769,41.88,Needs Improvement
497,Central,1.871,20153,10772.0,2,199,3.5,0.98,8.9,10076,38.64,Needs Improvement
498,South West,1.433,22345,15589.4,2,89,1.3,1.85,7.6,11172,53.15,Good
499,East,1.078,17008,15782.4,2,237,1.78,0.8,8.5,8504,50.83,Good
500,North West,0.719,9083,12632.2,1,93,3.27,1.33,7.8,9083,41.96,Needs Improvement
501,South West,0.88,22548,25610.9,3,240,3.15,2.08,11.3,7516,37.16,Needs Improvement
502,North,2.599,38298,14734.8,1,79,2.86,1.89,8.8,38298,28.19,Needs Improvement
503,North West,0.439,12445,28316.8,1,156,1.67,1.35,9.4,12445,45.99,Needs Improvement
504,North East,1.367,16023,11720.0,1,71,2.31,1.43,6.3,16023,43.22,Needs Improvement
505,South,1.325,26989,20369.7,4,444,3.06,1.37,6.3,6747,46.42,Needs Improvement
506,East,0.374,18131,48470.0,1,96,0.29,0.95,12.9,18131,44.1,Needs Improvement
507,North East,0.665,5967,8974.2,1,107,1.0,2.23,10.5,5967,52.42,Good
508,South West,1.927,29996,15563.3,3,341,1.07,0.93,7.6,9998,57.18,Good
509,South West,1.331,21710,16306.2,1,30,1.79,1.79,9.6,21710,37.8,Needs Improvement
510,North East,2.191,15868,7241.3,1,105,0.82,0.3,9.4,15868,48.03,Needs Improvement
511,North West,0.821,11534,14054.0,2,272,2.97,2.18,8.4,5767,43.23,Needs Improvement
512,West,1.637,41435,25315.1,1,67,3.0,0.94,10.9,41435,23.35,Needs Improvement
513,New Delhi,1.054,8888,8431.9,1,20,2.94,0.61,10.7,8888,39.17,Needs Improvement
514,Central,0.579,6995,12082.4,1,154,3.89,1.12,6.9,6995,39.48,Needs Improvement
515,North West,0.455,7802,17151.9,1,51,0.69,1.34,11.1,7802,53.36,Good
516,West,1.744,19841,11374.6,3,380,1.98,1.56,8.8,6613,49.26,Needs Improvement
517,East,0.553,3923,7098.6,1,96,4.0,1.36,6.1,3923,39.99,Needs Improvement
518,West,0.776,8766,11296.6,1,20,3.09,1.55,8.5,8766,41.85,Needs Improvement
519,South West,1.299,10220,7870.0,1,161,3.22,2.07,9.0,10220,39.97,Needs Improvement
520,North East,0.354,2000,5642.1,1,53,2.4,2.37,8.0,2000,47.28,Needs Improvement
521,East,0.475,4638,9773.4,1,54,3.46,0.41,10.7,4638,35.81,Needs Improvement
522,South,0.56,5047,9008.1,1,20,1.52,1.07,11.1,5047,47.85,Needs Improvement
523,North East,1.137,6934,6096.2,1,84,0.73,1.72,11.6,6934,52.32,Good
524,East,2.743,52884,19280.1,5,497,1.32,1.08,6.9,10576,55.87,Good
525,East,1.512,20275,13407.9,2,200,3.25,2.44,11.9,10137,35.16,Needs Improvement
526,South West,1.432,37630,26282.6,1,35,3.04,1.92,11.4,37630,22.69,Needs Improvement
527,North West,1.584,26414,16679.1,3,215,3.27,1.81,9.3,8804,39.66,Needs Improvement
528,Central,4.353,97677,22440.6,8,444,3.19,1.44,6.1,12209,42.28,Needs Improvement
529,North West,0.545,7807,14315.5,1,22,1.81,1.96,11.9,7807,44.61,Needs Improvement
530,South,1.798,19960,11098.4,1,57,3.06,1.89,8.1,19960,32.8,Needs Improvement
531,North East,1.244,9545,7675.4,1,115,3.29,1.7,8.7,9545,40.36,Needs Improvement
532,West,2.194,25106,11441.3,2,121,1.49,2.16,11.3,12553,43.81,Needs Improvement
533,North West,1.978,23582,11923.6,1,95,3.37,1.8,9.3,23582,27.28,Needs Improvement
534,West,2.338,41918,17927.1,4,455,3.97,0.91,8.4,10479,36.04,Needs Improvement
535,North East,1.307,20600,15765.5,1,31,2.21,0.98,6.0,20600,41.54,Needs Improvement
536,West,1.183,23926,20225.2,1,84,3.13,1.92,8.1,23926,30.72,Needs Improvement
537,North West,1.181,16706,14143.2,2,224,1.77,1.44,11.0,8353,46.71,Needs Improvement
538,West,2.03,33609,16556.2,3,380,1.7,1.5,7.2,11203,51.62,Good
539,North,0.777,9175,11807.5,1,99,0.76,1.2,8.5,9175,57.31,Good
540,South,1.385,16172,11676.4,1,55,2.44,2.08,9.5,16172,36.89,Needs Improvement
541,South,0.964,8954,9283.8,1,115,3.58,1.4,6.4,8954,42.29,Needs Improvement
542,North West,1.204,14632,12155.8,1,99,1.82,1.77,10.3,14632,41.01,Needs Improvement
543,North West,1.151,22537,19588.6,1,37,2.0,1.49,10.6,22537,34.43,Needs Improvement
544,North West,1.764,11556,6549.2,1,177,3.76,1.15,11.0,11556,30.85,Needs Improvement
545,East,0.98,27297,27856.8,1,100,2.12,1.51,7.4,27297,37.53,Needs Improvement
546,West,0.986,9819,9961.8,1,99,3.93,1.46,9.2,9819,35.29,Needs Improvement
547,West,1.787,14321,8015.0,1,94,2.99,1.46,11.2,14321,32.1,Needs Improvement
548,West,0.505,3917,7762.6,1,103,2.15,1.72,7.6,3917,49.68,Needs Improvement
549,North,1.582,17441,11027.9,1,79,1.85,0.91,6.2,17441,45.41,Needs Improvement
550,West,1.525,43541,28558.7,2,191,1.87,1.03,8.0,21770,40.18,Needs Improvement
551,North,2.449,42476,17341.6,4,233,1.41,1.58,6.6,10619,55.26,Good
552,South West,1.271,9302,7321.5,1,97,1.9,1.51,7.3,9302,51.81,Good
553,West,0.752,6128,8147.6,1,65,2.91,1.28,8.6,6128,42.95,Needs Improvement
554,West,3.751,42502,11330.8,1,83,2.22,1.17,6.9,42502,35.05,Needs Improvement
555,South West,2.277,31211,13706.4,1,66,3.14,1.89,9.4,31211,26.51,Needs Improvement
556,West,1.739,32260,18546.9,1,108,3.14,0.86,7.5,32260,29.54,Needs Improvement
557,North,1.172,47741,40725.3,2,122,0.67,0.85,12.3,23870,39.99,Needs Improvement
558,South,2.204,22225,10083.8,2,157,2.41,1.95,6.3,11112,48.22,Needs Improvement
559,North,0.674,11194,16610.1,1,121,0.68,0.83,8.3,11194,56.08,Good
560,North West,0.996,13885,13939.0,1,96,1.39,2.03,10.1,13885,44.9,Needs Improvement
561,South,1.049,23506,22405.2,1,86,2.51,1.82,11.7,23506,28.95,Needs Improvement
562,North West,0.891,16641,18679.9,1,20,1.85,1.72,7.8,16641,43.2,Needs Improvement
563,North West,3.257,31217,9583.5,1,46,1.31,1.6,7.4,31217,41.85,Needs Improvement
564,North,0.974,5949,6108.9,1,67,1.18,1.53,7.6,5949,56.0,Good
565,South,0.734,13961,19029.0,1,40,1.25,1.91,6.8,13961,51.15,Good
566,North East,2.708,19656,7257.3,2,87,2.24,2.1,8.2,9828,48.06,Needs Improvement
567,North East,1.516,18490,12199.4,1,98,1.16,0.5,7.5,18490,47.16,Needs Improvement
568,North East,0.735,14321,19477.8,1,84,1.77,1.51,7.8,14321,45.78,Needs Improvement
569,North West,0.969,7345,7579.7,1,75,3.17,1.11,6.4,7345,44.92,Needs Improvement
570,North West,2.124,25268,11898.4,1,117,2.82,1.98,6.7,25268,34.71,Needs Improvement
571,Central,1.162,11975,10307.3,1,59,2.19,1.46,7.4,11975,46.37,Needs Improvement
572,North,1.016,47613,46883.7,2,268,0.32,1.44,13.5,23806,40.56,Needs Improvement
573,Central,1.094,14101,12885.9,1,133,2.97,0.8,6.9,14101,39.68,Needs Improvement
574,South West,4.521,31223,6906.0,1,92,2.11,1.35,8.3,31223,35.16,Needs Improvement
575,North,3.647,42387,11624.0,4,190,2.83,2.23,9.8,10596,40.55,Needs Improvement
576,West,1.205,10911,9053.9,1,79,3.58,1.86,7.0,10911,39.56,Needs Improvement
577,East,1.057,34946,33053.5,5,451,0.45,1.06,15.0,6989,49.11,Needs Improvement
578,North East,0.916,5582,6090.8,1,122,1.47,1.9,6.3,5582,56.35,Good
579,West,0.434,2939,6771.3,1,87,1.79,1.42,9.1,2939,49.52,Needs Improvement
580,South,0.623,14219,22819.2,1,88,3.68,1.84,11.6,14219,26.98,Needs Improvement
581,South,0.865,11781,13621.3,1,82,2.59,1.87,6.7,11781,45.22,Needs Improvement
582,South West,0.952,14240,14951.4,1,96,2.34,2.4,9.8,14240,38.79,Needs Improvement
583,North East,0.833,21855,26234.9,1,58,2.31,1.41,9.6,21855,34.37,Needs Improvement
584,West,0.5,15119,30240.8,1,111,0.33,1.46,9.8,15119,51.22,Good
585,North,4.124,88382,21429.6,3,144,1.45,1.2,6.3,29460,43.31,Needs Improvement
586,South,3.226,24393,7562.2,1,89,3.64,1.3,8.1,24393,27.22,Needs Improvement
587,New Delhi,0.382,3990,10449.7,1,88,3.89,1.7,8.9,3990,36.04,Needs Improvement
588,East,3.727,64680,17356.7,6,750,1.79,1.19,10.5,10780,46.84,Needs Improvement
589,North West,0.82,23496,28647.3,1,99,3.39,1.05,8.6,23496,28.36,Needs Improvement
590,East,2.305,17836,7738.2,1,152,2.06,1.99,7.9,17836,41.06,Needs Improvement
591,West,3.306,26275,7947.3,1,143,0.9,2.25,7.1,26275,46.41,Needs Improvement
592,East,0.951,18400,19351.3,1,62,1.39,2.03,11.5,18400,38.98,Needs Improvement
593,West,1.905,16554,8690.2,1,75,2.21,2.38,10.2,16554,36.98,Needs Improvement
594,North,4.005,30341,7575.9,5,211,0.9,1.61,10.9,6068,52.58,Good
595,North West,1.119,15867,14185.0,2,166,1.88,2.38,7.1,7933,52.39,Good
596,East,1.388,17404,12537.4,1,49,1.63,1.53,6.1,17404,47.0,Needs Improvement
597,North East,0.216,2376,11010.9,1,85,0.64,0.5,9.9,2376,55.75,Good
598,South,1.074,6661,6199.9,1,78,0.63,1.69,6.0,6661,62.3,Good
599,South,1.162,7247,6234.0,1,129,1.82,1.28,11.0,7247,46.22,Needs Improvement
600,East,1.345,16338,12145.8,1,53,0.67,1.73,6.3,16338,53.74,Good
601,New Delhi,0.766,14070,18357.6,2,119,2.28,1.35,10.8,7035,43.51,Needs Improvement
602,New Delhi,1.055,9635,9131.5,1,132,3.03,1.07,10.5,9635,39.1,Needs Improvement
603,North,1.496,34574,23110.3,2,134,0.89,1.46,10.9,17287,44.09,Needs Improvement
604,East,1.37,37008,27019.3,1,37,0.73,1.78,9.3,37008,41.48,Needs Improvement
605,North West,3.144,51767,16463.4,4,446,2.93,2.07,7.5,12941,40.74,Needs Improvement
606,North West,0.314,2000,6367.2,1,118,3.78,1.23,7.5,2000,39.14,Needs Improvement
607,North East,0.571,6940,12145.8,1,81,1.77,1.62,11.3,6940,45.97,Needs Improvement
608,East,0.99,31510,31829.2,1,56,0.38,1.13,7.1,31510,48.42,Needs Improvement
609,North West,3.85,28264,7341.5,2,240,1.21,1.19,9.5,14132,47.07,Needs Improvement
610,South,1.733,27758,16016.3,4,346,1.94,1.51,7.9,6939,50.96,Good
611,North,1.661,11498,6922.4,1,67,0.86,1.59,7.7,11498,55.33,Good
612,North West,0.583,8922,15304.1,1,48,2.46,1.13,12.0,8922,40.21,Needs Improvement
613,South,1.58,33954,21490.5,2,99,3.74,2.25,6.9,16977,32.16,Needs Improvement
614,South West,2.192,19827,9046.0,1,68,2.44,1.18,10.0,19827,33.8,Needs Improvement
615,East,1.398,11420,8170.0,1,95,3.04,1.35,12.0,11420,33.99,Needs Improvement
616,East,1.13,11968,10591.7,1,71,3.5,2.33,8.8,11968,35.45,Needs Improvement
617,East,0.442,5104,11552.4,1,20,1.69,0.49,11.6,5104,45.9,Needs Improvement
618,North West,0.687,7461,10867.3,1,127,1.86,1.66,8.4,7461,50.29,Good
619,North East,5.326,169200,31770.3,17,1486,0.56,1.29,9.5,9952,59.27,Good
620,Central,2.988,38210,12786.4,1,33,1.49,1.21,10.9,38210,33.64,Needs Improvement
621,North East,0.449,5528,12300.6,1,46,1.35,1.36,10.8,5528,49.51,Needs Improvement
622,Central,1.128,8151,7223.8,1,20,2.52,0.41,11.4,8151,40.77,Needs Improvement
623,West,0.693,5617,8109.4,1,106,3.6,0.77,7.6,5617,40.14,Needs Improvement
624,East,0.931,11373,12218.0,1,60,0.97,1.23,11.6,11373,48.29,Needs Improvement
625,Central,0.676,3883,5742.0,1,116,3.92,1.55,10.1,3883,33.89,Needs Improvement
626,East,2.461,45774,18600.2,2,217,1.72,1.24,11.6,22887,34.77,Needs Improvement
627,North West,1.359,22966,16903.2,2,80,2.87,1.46,9.0,11483,39.98,Needs Improvement
628,West,2.161,30231,13990.3,1,97,2.99,0.9,8.7,30231,28.92,Needs Improvement
629,North East,1.528,25069,16401.5,1,104,0.78,0.98,7.6,25069,46.67,Needs Improvement
630,North East,0.886,7021,7923.1,2,234,1.43,0.65,9.6,3510,51.3,Good
631,New Delhi,0.932,12222,13117.4,1,95,1.02,0.92,6.0,12222,56.13,Good
632,Central,0.845,4730,5600.2,1,124,3.78,1.4,10.4,4730,34.32,Needs Improvement
633,South West,0.841,9819,11669.7,1,105,2.32,2.21,6.9,9819,49.73,Needs Improvement
634,North,0.846,7373,8714.6,1,110,0.98,1.5,7.9,7373,56.89,Good
635,West,2.162,44383,20529.9,3,60,1.12,1.12,8.0,14794,49.23,Needs Improvement
636,East,0.787,14136,17972.0,2,170,1.77,2.28,10.1,7068,48.12,Needs Improvement
637,North West,1.083,15435,14249.4,1,83,0.64,1.98,7.7,15435,52.37,Good
638,North,2.173,34685,15960.8,1,115,2.39,2.0,9.4,34685,30.88,Needs Improvement
639,West,1.329,14665,11032.9,1,69,3.57,0.94,11.2,14665,27.92,Needs Improvement
640,Central,0.347,5367,15449.8,1,68,2.84,1.81,8.9,5367,42.91,Needs Improvement
641,New Delhi,0.622,14918,23986.2,4,559,2.26,1.58,11.3,3729,43.55,Needs Improvement
642,East,1.497,21893,14627.9,1,72,3.15,2.37,6.4,21893,34.18,Needs Improvement
643,South,1.187,19447,16377.2,1,70,1.24,0.86,11.5,19447,39.39,Needs Improvement
644,South,0.973,13863,14246.0,1,42,3.4,1.36,8.8,13863,33.78,Needs Improvement
645,Central,1.338,9994,7468.7,1,20,1.01,1.58,9.7,9994,53.54,Good
646,South,1.676,115820,69090.6,9,707,0.44,2.17,11.5,12868,50.97,Good
647,North,1.657,28202,17023.8,1,37,3.79,1.82,10.9,28202,20.37,Needs Improvement
648,North West,0.551,7389,13407.9,1,124,0.87,2.06,11.6,7389,51.47,Good
649,South,0.608,9234,15187.5,1,98,3.79,1.09,9.8,9234,35.21,Needs Improvement
650,South,2.286,19456,8511.3,1,86,0.78,1.32,11.4,19456,42.61,Needs Improvement
651,North,1.525,15781,10346.9,1,58,2.29,2.06,10.3,15781,36.85,Needs Improvement
652,North,1.586,17075,10769.2,1,86,2.5,1.54,7.0,17075,40.06,Needs Improvement
653,North East,0.851,7358,8651.0,1,102,3.28,1.14,6.1,7358,44.74,Needs Improvement
654,South,1.255,20233,16127.9,1,60,2.78,1.49,9.5,20233,32.18,Needs Improvement
655,South,1.939,8748,4511.2,1,109,2.69,1.06,11.1,8748,40.3,Needs Improvement
656,West,0.847,8157,9631.5,1,109,3.87,0.67,11.2,8157,32.37,Needs Improvement
657,North West,0.431,4044,9385.8,1,87,2.44,1.59,8.6,4044,46.07,Needs Improvement
658,West,1.934,25943,13414.3,2,196,1.8,1.27,11.3,12971,41.39,Needs Improvement
659,North,0.881,14995,17013.8,1,131,1.3,1.27,10.8,14995,43.32,Needs Improvement
660,North West,0.793,5197,6552.7,1,20,2.11,1.9,9.6,5197,46.47,Needs Improvement
661,Central,2.406,64163,26663.4,4,415,1.98,1.32,11.3,16040,37.62,Needs Improvement
662,South,0.855,7666,8961.7,1,60,3.6,1.22,9.3,7666,37.23,Needs Improvement
663,North,1.208,12864,10645.4,1,58,3.62,1.97,7.3,12864,35.98,Needs Improvement
664,North,3.635,41832,11507.4,4,451,3.65,1.76,6.4,10458,41.51,Needs Improvement
665,North East,0.618,7966,12887.2,1,161,3.62,1.59,9.3,7966,37.27,Needs Improvement
666,Central,2.055,56712,27601.0,1,106,3.77,1.29,9.7,56712,19.05,Needs Improvement
667,West,1.215,22428,18451.9,1,80,1.79,1.58,9.3,22428,38.09,Needs Improvement
668,South West,0.982,6354,6470.4,1,53,2.77,1.75,7.5,6354,45.68,Needs Improvement
669,North West,0.995,9135,9182.6,1,104,1.71,1.15,8.6,9135,50.91,Good
670,New Delhi,0.393,2388,6070.3,1,20,3.7,2.1,8.9,2388,37.17,Needs Improvement
671,West,1.041,17921,17216.9,1,96,1.18,0.77,10.7,17921,42.04,Needs Improvement
672,West,0.269,3874,14393.6,1,49,2.42,1.01,6.8,3874,49.14,Needs Improvement
673,East,1.284,26046,20279.8,1,51,3.77,1.85,8.7,26046,24.78,Needs Improvement
674,North,1.152,22974,19934.3,4,132,3.09,0.87,10.3,5743,39.04,Needs Improvement
675,West,1.634,24660,15096.2,2,204,1.03,1.27,10.5,12330,48.6,Needs Improvement
676,West,1.08,22948,21241.9,1,94,0.79,1.74,9.4,22948,44.32,Needs Improvement
677,North East,1.295,10214,7886.2,1,110,1.8,2.15,7.0,10214,52.57,Good
678,South West,2.188,51314,23453.6,2,123,1.05,2.07,7.3,25657,45.24,Needs Improvement
679,East,0.957,12237,12790.0,1,105,3.12,1.41,6.4,12237,41.64,Needs Improvement
680,North West,0.619,14068,22732.1,1,159,3.14,1.2,8.8,14068,35.47,Needs Improvement
681,New Delhi,0.761,4847,6367.1,1,99,2.11,1.16,9.4,4847,46.93,Needs Improvement
682,South West,1.491,11741,7873.4,1,114,0.82,0.4,8.2,11741,54.48,Good
683,New Delhi,0.727,3331,4583.0,1,74,3.98,0.85,11.6,3331,30.92,Needs Improvement
684,New Delhi,0.767,17419,22706.5,1,63,0.6,1.83,11.3,17419,45.12,Needs Improvement
685,South,2.946,51130,17358.1,3,228,3.53,1.52,9.0,17043,30.21,Needs Improvement
686,North West,0.654,7874,12046.0,1,91,3.87,0.3,10.1,7874,34.17,Needs Improvement
687,East,1.751,24327,13889.8,1,70,1.32,1.41,11.4,24327,36.97,Needs Improvement
688,West,1.273,16060,12620.2,2,132,3.54,0.88,11.6,8030,33.91,Needs Improvement
689,North,0.919,8568,9318.9,1,115,1.05,1.21,6.4,8568,58.93,Good
690,North West,4.604,117110,25434.5,10,390,3.86,1.51,11.5,11711,29.48,Needs Improvement
691,North West,1.852,9026,4874.9,1,54,1.33,1.41,7.7,9026,54.82,Good
692,North West,1.271,6047,4756.9,1,85,2.48,2.96,9.6,6047,44.14,Needs Improvement
693,New Delhi,1.226,45769,37332.7,1,49,0.54,0.95,11.0,45769,38.88,Needs Improvement
694,West,2.974,36760,12362.4,3,286,3.69,1.01,10.1,12253,32.0,Needs Improvement
695,East,1.93,21459,11120.5,2,276,0.63,1.88,7.7,10729,58.44,Good
696,South West,1.174,26987,22995.6,3,246,1.66,1.75,7.6,8995,53.14,Good
697,East,0.536,6050,11297.4,1,117,3.08,1.16,6.9,6050,44.75,Needs Improvement
698,North West,0.791,11170,14127.6,1,80,2.11,0.93,6.8,11170,49.14,Needs Improvement
699,New Delhi,1.388,19446,14014.1,1,100,1.23,2.11,11.5,19446,39.51,Needs Improvement
700,West,1.815,11891,6550.5,2,166,2.85,2.17,10.3,5945,40.68,Needs Improvement
701,East,2.055,18495,9000.4,1,127,2.03,2.05,10.2,18495,36.99,Needs Improvement
702,North East,0.678,16187,23869.3,1,89,0.88,1.73,8.7,16187,48.53,Needs Improvement
703,West,1.631,28222,17302.0,2,187,3.96,2.36,10.3,14111,27.58,Needs Improvement
704,New Delhi,0.546,7811,14303.7,1,32,1.43,0.4,10.2,7811,49.96,Needs Improvement
705,West,0.782,13560,17342.1,1,61,0.89,0.92,10.6,13560,47.64,Needs Improvement
706,North,1.897,31775,16753.9,4,542,1.19,0.86,9.5,7943,53.56,Good
707,North,0.773,22359,28935.8,2,121,3.27,2.28,11.1,11179,34.39,Needs Improvement
708,South,2.615,22565,8627.7,1,153,3.14,1.16,8.5,22565,30.61,Needs Improvement
709,North West,1.25,29786,23825.1,1,20,1.59,0.33,9.7,29786,36.44,Needs Improvement
710,New Delhi,0.593,7305,12326.2,1,161,3.42,1.49,10.0,7305,37.42,Needs Improvement
711,West,0.745,4881,6554.5,1,70,3.67,1.79,6.7,4881,41.12,Needs Improvement
712,South,1.106,17506,15829.7,2,61,1.74,1.34,10.3,8753,47.8,Needs Improvement
713,South,0.672,5030,7481.6,1,27,1.52,1.16,11.3,5030,47.53,Needs Improvement
714,New Delhi,2.011,52313,26011.4,2,206,2.96,2.14,11.3,26156,26.0,Needs Improvement
715,Central,1.501,17934,11951.2,2,291,3.37,1.69,6.7,8967,43.46,Needs Improvement
716,Central,1.49,23808,15976.5,1,83,2.5,1.88,9.2,23808,33.07,Needs Improvement
717,South West,3.181,33972,10680.5,2,202,2.14,1.05,9.8,16986,38.01,Needs Improvement
718,North,1.671,15232,9116.6,2,77,0.85,0.95,7.4,7616,58.52,Good
719,North West,1.482,21016,14176.6,1,123,3.5,1.22,6.9,21016,31.51,Needs Improvement
720,West,0.849,13283,15644.2,1,174,3.74,2.38,9.4,13283,31.39,Needs Improvement
721,North,1.558,23461,15053.8,1,116,1.06,1.57,10.7,23461,40.23,Needs Improvement
722,North,1.036,8810,8502.6,1,73,4.0,1.55,9.4,8810,34.46,Needs Improvement
723,New Delhi,1.545,19625,12700.9,2,201,3.7,2.07,11.1,9812,33.81,Needs Improvement
724,North,1.257,25955,20649.3,1,93,3.44,1.28,9.1,25955,26.38,Needs Improvement
725,East,1.247,5543,4443.8,1,84,0.9,1.34,8.9,5543,55.7,Good
726,South West,1.292,8563,6627.3,1,66,1.9,2.23,7.1,8563,52.09,Good
727,East,0.925,14533,15703.2,1,117,0.91,1.59,10.4,14533,46.95,Needs Improvement
728,South West,0.674,13563,20128.8,1,108,2.3,1.4,10.2,13563,39.11,Needs Improvement
729,North West,1.759,8385,4768.0,1,96,1.62,1.54,7.3,8385,53.65,Good
730,West,0.911,8232,9037.9,1,130,3.99,1.67,11.6,8232,30.95,Needs Improvement
731,West,1.913,20917,10934.7,2,126,2.08,2.03,6.5,10458,51.13,Good
732,West,0.963,4665,4845.5,1,104,1.32,1.72,10.1,4665,50.97,Good
733,West,0.89,5347,6006.5,1,92,2.82,1.48,10.3,5347,40.75,Needs Improvement
734,North,1.668,12742,7638.4,1,161,2.86,1.51,10.8,12742,35.46,Needs Improvement
735,North,0.846,3775,4463.1,2,142,3.36,1.82,7.4,1887,42.11,Needs Improvement
736,North,0.862,6760,7840.0,2,110,3.56,1.66,11.9,3380,33.24,Needs Improvement
737,North East,1.725,122815,71181.8,11,879,0.46,0.43,14.3,11165,48.83,Needs Improvement
738,North West,0.542,13703,25286.1,1,82,1.19,2.5,11.8,13703,43.55,Needs Improvement
739,North East,1.042,12678,12161.4,2,250,1.1,1.1,7.1,6339,57.66,Good
740,South,0.984,5538,5629.9,1,112,2.33,1.14,9.5,5538,45.34,Needs Improvement
741,East,0.53,2737,5163.1,1,110,3.05,1.37,11.6,2737,37.1,Needs Improvement
742,Central,1.634,12624,7726.0,2,108,0.82,1.49,7.2,6312,59.1,Good
743,Central,2.006,18063,9003.2,2,76,1.93,2.01,10.1,9031,46.91,Needs Improvement
744,North West,0.826,5153,6235.1,1,61,3.89,1.23,7.8,5153,37.83,Needs Improvement
745,New Delhi,1.392,9782,7027.9,1,100,1.2,1.08,11.8,9782,48.92,Needs Improvement
746,North,1.192,7462,6260.0,1,97,2.59,1.11,7.7,7462,46.6,Needs Improvement
747,South West,1.209,11997,9924.3,1,73,3.38,1.14,6.1,11997,40.7,Needs Improvement
748,South West,1.803,30687,17024.1,2,194,1.57,1.16,7.0,15343,47.68,Needs Improvement
749,West,1.78,41903,23538.6,4,202,2.22,1.84,11.8,10475,41.47,Needs Improvement
750,North West,0.6,2000,3332.4,1,55,1.62,0.82,7.2,2000,53.75,Good
751,New Delhi,1.311,22912,17476.2,1,89,0.87,2.18,10.4,22912,42.14,Needs Improvement
752,South West,1.103,17902,16231.1,1,54,2.07,1.41,8.6,17902,39.63,Needs Improvement
753,West,2.418,46122,19072.8,3,230,3.02,1.14,8.9,15374,35.01,Needs Improvement
754,West,1.097,15449,14076.9,1,129,1.64,2.06,7.6,15449,46.02,Needs Improvement
755,Central,1.165,13307,11421.6,1,86,3.7,1.04,6.6,13307,36.15,Needs Improvement
756,North West,0.944,29122,30859.3,1,103,0.39,1.67,7.7,29122,47.96,Needs Improvement
757,West,0.976,6250,6404.2,1,45,1.83,1.9,9.3,6250,48.85,Needs Improvement
758,South,0.236,2000,8480.5,1,82,2.82,1.53,11.3,2000,39.07,Needs Improvement
759,North West,1.223,23504,19218.8,2,177,1.93,1.6,9.7,11752,44.77,Needs Improvement
760,South,0.692,8132,11759.7,1,25,1.59,1.86,8.6,8132,51.56,Good
761,North West,0.897,7787,8682.8,1,99,3.84,1.24,7.8,7787,38.22,Needs Improvement
762,North East,6.745,70556,10460.7,6,661,3.22,1.28,11.8,11759,33.57,Needs Improvement
763,North West,0.903,7242,8024.1,1,142,2.19,1.06,10.8,7242,44.14,Needs Improvement
764,North East,2.287,16344,7145.0,4,183,3.57,2.31,10.9,4086,34.97,Needs Improvement
765,West,0.887,15993,18023.9,1,53,2.99,2.39,8.4,15993,35.24,Needs Improvement
766,South,0.381,11026,28976.1,1,73,1.58,1.73,8.0,11026,50.85,Good
767,North,0.834,7334,8798.8,1,71,3.94,2.46,9.4,7334,34.85,Needs Improvement
768,West,2.039,15979,7836.1,2,267,1.94,1.61,9.5,7989,48.16,Needs Improvement
769,North,0.982,13026,13260.2,1,166,3.48,2.17,9.4,13026,33.38,Needs Improvement
770,West,1.33,38199,28713.1,2,121,3.44,1.88,7.3,19099,32.19,Needs Improvement
771,Central,1.493,18921,12675.1,3,173,0.72,1.17,10.9,6307,53.7,Good
772,Central,1.384,14991,10833.6,1,107,3.03,1.77,11.0,14991,31.57,Needs Improvement
773,North West,2.486,43768,17607.4,2,188,1.04,1.14,9.4,21884,43.26,Needs Improvement
774,New Delhi,1.294,25793,19938.6,1,23,0.67,0.88,8.3,25793,45.87,Needs Improvement
775,North West,1.979,18306,9249.2,1,83,2.1,1.81,8.3,18306,39.73,Needs Improvement
776,West,2.531,48321,19091.3,4,165,3.69,0.85,9.4,12080,33.2,Needs Improvement
777,South,1.863,23841,12794.8,1,74,2.97,1.68,8.1,23841,31.79,Needs Improvement
778,South West,0.457,3324,7271.0,1,127,3.84,1.99,8.2,3324,37.6,Needs Improvement
779,South,1.022,17044,16674.6,1,124,2.67,1.0,10.7,17044,32.86,Needs Improvement
780,West,1.23,10067,8185.8,1,100,3.28,0.95,7.7,10067,41.94,Needs Improvement
781,Central,0.623,12955,20805.2,1,54,3.83,2.08,8.1,12955,33.15,Needs Improvement
782,South West,1.538,16158,10508.4,2,278,1.35,0.63,8.3,8079,54.06,Good
783,North,0.52,7175,13788.1,1,122,3.0,1.92,8.4,7175,42.78,Needs Improvement
784,East,3.284,39952,12164.3,1,71,2.39,1.0,9.2,39952,30.38,Needs Improvement
785,Central,0.427,3869,9061.8,1,30,0.62,1.03,7.0,3869,60.62,Good
786,North West,1.239,4091,3301.8,1,111,3.58,1.17,6.3,4091,42.45,Needs Improvement
787,Central,0.209,2000,9590.0,1,145,3.46,1.62,10.4,2000,36.46,Needs Improvement
788,Central,1.844,13763,7464.0,1,94,1.79,1.74,10.2,13763,42.23,Needs Improvement
789,South West,0.671,3963,5902.5,1,77,1.15,0.92,6.4,3963,58.21,Good
790,South West,1.389,6961,5012.9,1,119,1.28,1.61,11.6,6961,48.76,Needs Improvement
791,West,0.397,6467,16283.8,1,161,2.13,1.1,6.2,6467,52.24,Good
792,West,0.777,8247,10618.1,1,60,3.7,0.91,9.6,8247,36.07,Needs Improvement
793,South West,2.111,8232,3900.0,1,52,2.31,0.34,11.1,8232,42.71,Needs Improvement
794,South,1.253,20201,16128.5,1,80,2.67,2.18,9.5,20201,32.95,Needs Improvement
795,North,0.788,3225,4090.9,1,43,2.31,1.43,11.7,3225,41.69,Needs Improvement
796,North East,1.789,22430,12534.4,3,291,0.66,1.21,10.9,7476,54.29,Good
797,West,0.961,9929,10333.5,1,60,1.99,1.77,11.2,9929,44.66,Needs Improvement
798,North West,2.716,41141,15145.7,3,308,2.32,0.91,9.1,13713,40.98,Needs Improvement
799,North East,1.808,33831,18715.2,2,287,3.02,0.72,9.5,16915,32.92,Needs Improvement
800,Central,2.921,69515,23801.3,4,489,0.75,1.2,10.3,17378,46.54,Needs Improvement
801,Central,0.801,14437,18025.2,1,110,1.15,1.57,11.2,14437,44.12,Needs Improvement
802,South,6.206,64789,10439.3,6,504,2.79,1.19,9.6,10798,41.32,Needs Improvement
803,North West,0.598,3437,5747.8,1,78,0.98,1.81,10.4,3437,52.67,Good
804,West,0.367,4246,11557.4,1,43,3.67,0.54,9.2,4246,36.91,Needs Improvement
805,North West,3.182,46492,14609.6,5,100,3.92,1.34,10.8,9298,32.69,Needs Improvement
806,North East,1.341,18519,13811.3,1,135,1.83,2.47,9.2,18519,39.97,Needs Improvement
807,North West,0.653,3994,6115.1,1,73,3.73,1.62,7.1,3994,40.06,Needs Improvement
808,West,5.184,71299,13754.4,3,347,2.13,0.89,7.4,23766,38.96,Needs Improvement
809,East,0.799,8312,10404.2,1,132,3.47,1.03,10.3,8312,36.54,Needs Improvement
810,North West,1.181,37956,32137.4,3,424,0.67,1.06,16.3,12652,41.26,Needs Improvement
811,North,1.668,25799,15467.2,1,95,3.33,1.49,11.8,25799,22.65,Needs Improvement
812,North,0.645,8572,13284.4,1,79,0.92,1.01,11.1,8572,51.89,Good
813,South,1.741,39329,22595.3,3,204,0.73,1.05,6.9,13109,55.61,Good
814,North West,0.714,24079,33737.7,3,300,0.69,1.44,13.6,8026,49.61,Needs Improvement
815,North East,0.682,14207,20824.0,1,141,3.01,2.39,9.9,14207,34.33,Needs Improvement
816,West,2.915,29546,10134.7,2,116,3.21,1.52,9.7,14773,32.76,Needs Improvement
817,South,2.873,39888,13884.3,2,122,2.72,1.18,9.7,19944,32.49,Needs Improvement
818,North West,1.207,19945,16525.9,1,156,3.49,2.39,9.3,19945,28.14,Needs Improvement
819,South West,0.595,5133,8628.9,1,95,2.23,1.37,10.6,5133,44.14,Needs Improvement
820,North,0.364,9085,24925.5,1,68,1.48,1.42,11.4,9085,47.69,Needs Improvement
821,New Delhi,1.013,4816,4754.5,1,86,1.06,0.99,7.7,4816,56.65,Good
822,South West,1.563,14516,9289.1,1,116,2.82,1.45,7.9,14516,38.57,Needs Improvement
823,South,1.244,8530,6855.7,1,38,2.41,0.68,12.0,8530,40.52,Needs Improvement
824,North West,0.769,8297,10783.6,1,69,3.25,1.65,8.9,8297,40.22,Needs Improvement
825,West,2.69,26622,9896.1,1,119,2.85,1.43,7.2,26622,33.28,Needs Improvement
826,West,1.755,20704,11794.9,1,49,0.75,1.83,7.8,20704,48.12,Needs Improvement
827,West,1.285,21393,16651.5,1,122,0.77,1.66,8.6,21393,46.47,Needs Improvement
828,North East,0.853,7071,8293.8,1,66,3.64,1.28,7.3,7071,40.31,Needs Improvement
829,West,0.662,9530,14402.7,1,98,3.79,1.01,11.9,9530,31.71,Needs Improvement
830,North East,1.016,4608,4536.8,1,104,3.72,1.43,10.8,4608,34.02,Needs Improvement
831,North,0.446,6189,13878.9,1,104,1.28,1.25,7.6,6189,55.4,Good
832,East,2.968,50480,17010.8,1,20,1.36,1.94,8.7,50480,36.86,Needs Improvement
833,South West,0.909,12910,14209.6,1,56,0.86,1.69,9.3,12910,50.74,Good
834,North West,1.256,19507,15535.6,1,131,0.63,1.19,7.2,19507,50.64,Good
835,North East,0.375,5249,14000.8,1,66,0.96,1.31,10.1,5249,53.28,Good
836,South West,1.52,11113,7308.9,1,46,2.24,1.87,11.9,11113,39.82,Needs Improvement
837,South,1.978,11166,5643.8,1,37,1.34,0.92,9.9,11166,48.97,Needs Improvement
838,South West,3.925,31981,8148.6,1,34,1.97,2.02,6.9,31981,38.17,Needs Improvement
839,South West,2.594,31990,12333.4,1,134,2.39,0.32,11.6,31990,27.73,Needs Improvement
840,West,1.354,7354,5430.3,1,147,3.81,1.41,7.8,7354,38.5,Needs Improvement
841,North East,0.911,6343,6966.1,1,25,1.17,1.82,7.8,6343,55.66,Good
842,South,0.883,5849,6624.9,2,232,2.57,2.1,8.3,2924,45.96,Needs Improvement
843,South West,1.432,17624,12305.1,1,55,1.99,2.2,7.3,17624,42.5,Needs Improvement
844,North East,0.738,13606,18427.8,1,100,2.24,0.44,6.4,13606,45.78,Needs Improvement
845,North,0.655,4481,6840.7,1,107,2.26,1.4,10.8,4481,43.63,Needs Improvement
846,East,1.16,6703,5776.7,1,78,1.03,1.81,8.8,6703,55.0,Good
847,South,0.926,11063,11945.8,1,27,0.97,1.79,6.9,11063,56.56,Good
848,East,1.807,6380,3530.5,1,173,3.74,1.99,6.7,6380,40.83,Needs Improvement
849,New Delhi,0.55,7566,13752.4,1,145,3.8,0.3,10.5,7566,34.06,Needs Improvement
850,New Delhi,0.689,4075,5917.6,1,73,0.74,1.32,8.9,4075,56.74,Good
851,South,1.212,8948,7379.8,1,40,1.79,1.68,8.8,8948,49.94,Needs Improvement
852,North West,0.68,4622,6795.7,1,150,3.97,1.47,9.9,4622,33.95,Needs Improvement
853,South West,0.941,8050,8558.3,1,43,0.96,0.91,10.3,8050,52.9,Good
854,South West,0.554,14885,26878.3,1,138,2.52,1.44,7.3,14885,41.24,Needs Improvement
855,West,0.728,9197,12635.6,1,119,3.73,1.24,9.2,9197,36.64,Needs Improvement
856,North,2.345,28024,11952.6,4,177,2.32,0.95,6.8,7006,50.01,Good
857,West,2.512,36592,14567.3,2,139,1.78,1.64,7.5,18296,43.27,Needs Improvement
858,North East,1.042,6732,6458.9,1,107,3.35,1.75,7.7,6732,41.62,Needs Improvement
859,East,2.534,51331,20255.1,5,358,3.38,1.53,10.6,10266,36.49,Needs Improvement
860,New Delhi,1.058,16782,15866.5,1,33,0.72,1.79,9.5,16782,47.72,Needs Improvement
861,North East,0.738,3649,4947.0,1,20,0.97,1.74,7.7,3649,57.13,Good
862,East,2.622,13954,5322.0,1,31,2.85,1.05,9.5,13954,36.12,Needs Improvement
863,West,6.757,58071,8593.7,3,333,3.06,1.78,7.6,19357,34.4,Needs Improvement
864,North West,7.235,87089,12037.1,5,339,0.71,1.43,6.8,17417,52.36,Good
865,East,3.958,93420,23602.0,7,513,0.63,1.83,8.5,13345,53.85,Good
866,West,0.434,10756,24757.0,1,137,0.63,1.83,9.3,10756,55.49,Good
867,North East,2.474,29371,11871.7,1,116,2.69,1.61,9.3,29371,30.12,Needs Improvement
868,North East,2.16,19913,9218.1,1,97,0.62,1.56,11.3,19913,43.61,Needs Improvement
869,Central,0.766,15329,20024.6,1,39,2.77,0.7,8.4,15329,37.2,Needs Improvement
870,North West,2.004,39797,19858.8,1,66,1.87,1.44,7.2,39797,37.15,Needs Improvement
871,Central,1.727,45787,26506.3,2,103,0.69,1.64,8.2,22893,47.02,Needs Improvement
872,North West,0.424,5470,12899.4,1,29,1.44,1.6,7.5,5470,54.39,Good
873,East,0.77,5731,7442.0,1,92,1.89,1.51,6.2,5731,53.7,Good
874,North West,0.624,3636,5826.1,1,100,2.01,1.03,9.9,3636,46.76,Needs Improvement
875,East,3.841,57642,15008.5,4,333,1.8,1.26,7.9,14410,45.74,Needs Improvement
876,West,4.875,45573,9347.5,1,94,1.1,1.23,9.2,45573,38.29,Needs Improvement
877,Central,2.659,24851,9347.2,1,114,1.23,1.12,7.6,24851,43.79,Needs Improvement
878,West,4.766,36734,7706.9,4,487,1.88,1.8,6.9,9183,53.26,Good
879,South,1.359,10218,7518.9,1,94,1.99,2.3,6.5,10218,52.12,Good
880,South,1.504,19266,12812.6,1,114,2.38,0.37,7.9,19266,38.06,Needs Improvement
881,Central,1.189,13183,11092.0,1,50,3.38,1.01,11.8,13183,29.67,Needs Improvement
882,North,1.074,14529,13528.5,1,92,2.3,1.24,8.2,14529,41.44,Needs Improvement
883,North West,2.057,19316,9390.3,1,81,0.69,2.19,10.9,19316,44.1,Needs Improvement
884,North West,0.393,5680,14435.3,1,78,2.4,0.59,6.5,5680,49.82,Needs Improvement
885,North West,0.416,12924,31055.6,2,183,0.65,0.82,9.7,6462,56.18,Good
886,New Delhi,0.942,8964,9512.4,1,103,0.64,1.7,8.2,8964,58.61,Good
887,North East,0.737,9070,12303.3,1,106,1.43,2.38,8.4,9070,53.08,Good
888,North West,0.349,8216,23512.8,1,122,2.79,0.99,9.0,8216,43.16,Needs Improvement
889,West,3.057,31452,10287.6,1,74,1.63,2.01,6.6,31452,41.07,Needs Improvement
890,North West,5.461,78427,14360.3,5,679,1.53,2.66,11.1,15685,41.63,Needs Improvement
891,South,2.505,27204,10857.9,1,47,2.94,1.88,8.6,27204,30.07,Needs Improvement
892,North West,1.085,6259,5768.3,1,88,1.72,2.09,9.4,6259,49.48,Needs Improvement
893,North,1.69,31154,18438.0,1,41,2.86,2.34,6.2,31154,33.65,Needs Improvement
894,West,1.318,25573,19398.4,2,257,2.35,2.34,6.5,12786,46.09,Needs Improvement
895,North,1.016,10310,10146.0,1,145,0.99,1.23,6.1,10310,59.28,Good
896,East,0.477,6909,14480.6,1,85,1.27,0.77,7.4,6909,55.77,Good
897,South West,0.942,14728,15637.4,1,65,0.67,0.46,9.3,14728,50.1,Good
898,East,1.456,20482,14067.4,1,44,3.2,1.64,10.1,20482,28.27,Needs Improvement
899,South,0.809,20758,25668.6,1,91,1.63,1.8,10.4,20758,38.05,Needs Improvement
900,East,1.602,40574,25322.2,2,159,1.35,1.35,9.9,20287,41.06,Needs Improvement
901,Central,1.764,35737,20261.6,3,374,2.64,1.45,6.1,11912,46.19,Needs Improvement
902,East,0.883,3263,3696.6,1,145,2.4,1.66,6.1,3263,50.6,Good
903,South,0.989,15110,15272.3,1,107,1.07,1.86,6.2,15110,52.36,Good
904,West,0.444,12498,28120.8,1,99,1.84,1.72,10.6,12498,42.71,Needs Improvement
905,South West,1.526,8700,5701.2,1,113,1.01,0.96,9.5,8700,54.03,Good
906,East,0.853,8212,9622.6,1,114,3.03,2.38,11.4,8212,37.57,Needs Improvement
907,North East,0.872,8742,10023.5,1,122,1.28,1.51,11.5,8742,48.93,Needs Improvement
908,North West,3.221,32455,10076.9,2,277,2.89,1.65,9.7,16227,33.92,Needs Improvement
909,North East,0.726,7914,10901.8,1,78,2.51,1.21,10.5,7914,42.43,Needs Improvement
910,South,3.027,35110,11600.5,2,136,3.24,1.23,10.2,17555,29.62,Needs Improvement
911,North West,2.441,21836,8946.2,1,63,1.01,1.09,9.7,21836,42.77,Needs Improvement
912,North,1.411,33423,23695.4,1,132,3.88,1.44,7.2,33423,24.99,Needs Improvement
913,South,1.802,17674,9805.6,2,228,1.0,1.34,9.1,8837,54.95,Good
914,West,1.207,16926,14023.3,1,165,3.16,1.86,8.5,16926,33.45,Needs Improvement
915,South West,1.173,16995,14493.2,1,81,1.84,0.96,10.8,16995,38.11,Needs Improvement
916,South West,4.234,24807,5859.4,1,75,2.14,1.51,9.1,24807,35.26,Needs Improvement
917,North West,1.388,13021,9378.7,1,112,1.16,0.81,7.3,13021,52.06,Good
918,West,1.411,27553,19524.4,1,118,1.49,1.23,6.9,27553,42.47,Needs Improvement
919,North West,0.895,6451,7210.9,1,114,2.96,1.32,9.2,6451,41.7,Needs Improvement
920,North West,1.304,26781,20539.1,3,351,3.44,2.0,7.8,8927,41.27,Needs Improvement
921,East,0.761,7090,9314.8,2,129,1.8,1.02,9.8,3545,48.36,Needs Improvement
922,South West,0.882,14757,16732.0,1,110,2.06,1.42,8.7,14757,42.0,Needs Improvement
923,South West,1.381,15802,11445.4,1,95,3.99,1.88,10.6,15802,25.21,Needs Improvement
924,East,1.122,19158,17068.2,1,144,3.6,1.07,6.1,19158,33.14,Needs Improvement
925,New Delhi,1.005,6354,6320.1,1,43,3.5,0.92,10.2,6354,36.36,Needs Improvement
926,North East,0.699,6272,8978.9,1,63,2.2,1.17,10.5,6272,44.45,Needs Improvement
927,North West,1.484,12153,8188.3,1,130,3.45,1.37,11.8,12153,30.63,Needs Improvement
928,New Delhi,1.213,45612,37592.4,3,319,0.41,1.41,16.1,15204,40.47,Needs Improvement
929,South West,0.989,20484,20711.0,3,449,3.29,1.24,10.6,6828,37.75,Needs Improvement
930,North West,1.568,28925,18443.3,2,163,3.92,1.94,8.4,14462,30.63,Needs Improvement
931,South West,1.229,17519,14257.9,1,119,1.47,1.92,8.6,17519,43.93,Needs Improvement
932,West,1.121,10573,9430.6,1,46,3.62,1.85,6.5,10573,40.66,Needs Improvement
933,South,2.374,35510,14959.5,3,251,1.11,0.66,7.2,11836,54.33,Good
934,North,2.327,49775,21386.6,3,435,3.35,0.78,11.2,16591,28.39,Needs Improvement
935,East,1.844,33215,18009.7,3,436,2.79,0.3,8.5,11071,42.58,Needs Improvement
936,North West,1.04,16171,15546.1,1,85,2.57,2.2,7.1,16171,40.08,Needs Improvement
937,West,0.899,14396,16012.2,1,53,1.3,1.89,7.4,14396,49.41,Needs Improvement
938,South,2.843,17895,6294.1,1,97,2.87,1.95,6.2,17895,38.44,Needs Improvement
939,North East,3.124,17087,5470.3,1,107,2.4,1.15,7.3,17087,40.24,Needs Improvement
940,South,3.348,47789,14272.0,7,1003,1.46,1.5,7.5,6827,55.88,Good
941,North West,0.411,5514,13424.2,1,133,3.76,0.82,10.9,5514,33.63,Needs Improvement
942,North,1.819,7391,4062.4,1,20,3.14,1.16,10.7,7391,37.86,Needs Improvement
943,North West,0.676,5375,7947.1,1,85,2.29,2.01,6.5,5375,50.56,Good
944,Central,1.973,13871,7029.9,1,127,2.01,1.6,9.8,13871,41.39,Needs Improvement
945,South,2.287,66568,29102.9,4,300,3.38,2.07,8.6,16642,32.26,Needs Improvement
946,Central,0.73,27466,37615.5,2,187,0.59,1.13,15.3,13733,41.81,Needs Improvement
947,Central,1.704,15722,9228.5,2,218,1.45,1.99,6.9,7861,55.64,Good
948,West,1.247,7247,5810.3,1,141,3.56,1.58,8.7,7247,38.63,Needs Improvement
949,North West,1.301,16796,12913.9,1,87,0.63,0.87,11.5,16796,45.06,Needs Improvement
950,North West,0.864,5643,6530.8,1,144,1.89,1.16,9.7,5643,47.95,Needs Improvement
951,New Delhi,1.042,14349,13776.2,1,76,2.02,0.56,6.9,14349,45.59,Needs Improvement
952,East,0.952,4496,4720.6,1,139,1.62,0.78,7.7,4496,53.06,Good
953,North West,1.094,14837,13559.9,1,86,2.03,1.01,11.3,14837,37.75,Needs Improvement
954,East,0.75,8783,11707.7,2,158,3.48,1.74,7.7,4391,40.85,Needs Improvement
955,South West,0.913,16153,17682.9,2,207,3.46,1.36,7.3,8076,41.73,Needs Improvement
956,West,0.78,12514,16044.4,1,102,2.4,1.37,6.4,12514,46.01,Needs Improvement
957,East,0.851,6592,7744.9,1,89,0.91,2.29,9.9,6592,53.98,Good
958,North East,0.453,16188,35716.6,1,82,0.38,1.68,11.7,16188,46.81,Needs Improvement
959,New Delhi,1.892,16391,8665.6,2,147,3.96,1.69,7.8,8195,37.51,Needs Improvement
960,West,3.162,32171,10175.2,2,224,1.0,1.13,11.7,16085,43.04,Needs Improvement
961,West,1.152,17618,15296.4,2,161,3.18,1.67,7.8,8809,42.66,Needs Improvement
962,East,1.043,12434,11925.4,1,94,2.87,2.39,9.7,12434,37.51,Needs Improvement
963,North,2.175,35830,16473.6,2,181,1.53,1.62,9.7,17915,41.55,Needs Improvement
964,North,3.119,54483,17467.1,6,902,2.9,1.63,7.3,9080,46.57,Needs Improvement
965,East,0.942,7409,7867.8,1,116,3.12,1.79,9.2,7409,40.65,Needs Improvement
966,New Delhi,0.591,4477,7577.3,1,89,1.34,1.68,9.6,4477,51.65,Good
967,North West,1.591,7645,4806.3,1,57,3.37,0.96,8.9,7645,39.41,Needs Improvement
968,North East,1.759,10243,5824.7,1,99,3.62,1.82,8.7,10243,37.69,Needs Improvement
969,Central,1.848,27567,14919.2,2,140,3.5,0.93,9.2,13783,32.7,Needs Improvement
970,North West,0.607,6022,9924.2,1,80,2.51,1.1,10.4,6022,42.6,Needs Improvement
971,North West,1.336,11783,8819.4,2,200,2.23,2.11,9.6,5891,45.98,Needs Improvement
972,West,0.655,7010,10703.8,1,100,1.66,1.47,11.4,7010,46.56,Needs Improvement
973,East,1.508,26515,17585.1,1,71,3.56,1.01,11.4,26515,21.56,Needs Improvement
974,East,1.17,12623,10787.4,1,132,2.2,1.48,8.9,12623,43.07,Needs Improvement
975,South,2.205,32904,14921.2,1,37,2.44,1.69,10.0,32904,29.74,Needs Improvement
976,East,1.763,21199,12022.6,1,122,3.71,1.14,11.8,21199,21.88,Needs Improvement
977,West,1.377,19008,13806.1,2,243,0.91,2.01,7.7,9504,57.9,Good
978,North East,1.944,41073,21128.8,1,147,3.47,2.62,8.9,41073,23.77,Needs Improvement
979,West,1.683,10768,6397.3,4,444,2.18,0.7,10.3,2692,45.55,Needs Improvement
980,East,1.374,34349,24997.0,3,245,0.82,1.58,7.0,11449,57.13,Good
981,Central,0.474,2579,5437.7,1,105,2.38,0.72,10.7,2579,43.0,Needs Improvement
982,North,1.601,8362,5224.4,1,92,2.53,1.52,8.8,8362,45.16,Needs Improvement
983,North,2.42,53548,22128.6,6,576,3.27,0.83,10.2,8924,38.76,Needs Improvement
984,West,1.553,9307,5994.6,1,96,3.07,1.61,11.4,9307,37.28,Needs Improvement
985,East,1.654,39020,23590.5,1,51,3.86,2.28,11.5,39020,16.96,Needs Improvement
986,North,0.843,11630,13802.2,2,241,0.78,2.45,10.5,5815,54.09,Good
987,South,1.591,17046,10716.1,1,44,3.44,1.4,8.2,17046,31.82,Needs Improvement
988,South West,0.794,6785,8544.7,1,36,1.32,2.08,9.6,6785,51.69,Good
989,Central,0.433,13306,30719.8,1,20,0.54,2.63,9.2,13306,52.49,Good
990,North,1.339,8264,6170.0,1,44,2.73,1.69,9.5,8264,42.6,Needs Improvement
991,East,3.263,117461,35996.9,6,341,0.76,1.12,11.0,19576,43.77,Needs Improvement
992,North West,0.431,4006,9288.6,1,69,1.14,1.63,9.7,4006,52.76,Good
993,North West,3.168,73811,23301.3,4,280,3.34,2.28,7.0,18452,33.98,Needs Improvement
994,North West,1.4,31726,22656.2,1,121,3.06,1.97,7.2,31726,30.69,Needs Improvement
995,North West,0.354,2961,8364.5,1,122,3.54,1.41,8.4,2961,39.23,Needs Improvement
996,South West,0.765,18904,24717.3,2,102,2.91,0.69,11.4,9452,38.34,Needs Improvement
997,West,1.792,29651,16544.6,4,454,2.64,0.91,7.9,7412,46.54,Needs Improvement
998,North,2.233,33257,14891.1,1,65,2.64,2.39,11.7,33257,25.57,Needs Improvement
999,South West,1.112,15257,13719.1,2,260,3.77,1.39,8.7,7628,37.45,Needs Improvement
1000,South West,0.839,2455,2926.4,1,66,2.38,2.07,8.6,2455,46.43,Needs Improvement
