cell_id,zone_name,area_km2,population,population_density_per_km2,children_6_14,schools_total,govt_schools,private_schools,primary_only_schools,secondary_schools,higher_secondary_schools,distance_to_nearest_school_km,avg_class_size,student_teacher_ratio,schools_per_1k_children,schools_per_10k_population,coverage_score,coverage_label
1,Central,2.304,40402,17535.6,10229,8,4,4,3,2,3,1.3,51.6,42.5,0.78,1.98,35.0,Needs Improvement
2,North East,4.109,91644,22303.2,21736,21,13,8,9,8,4,1.47,45.7,36.6,0.97,2.29,35.0,Needs Improvement
3,South,0.898,6842,7619.2,1713,4,1,3,1,1,2,0.54,38.9,34.9,2.34,5.85,62.8,Good
4,South,1.545,12760,8258.9,2607,6,2,4,2,1,3,0.5,31.3,20.7,2.3,4.7,77.0,Excellent
5,Central,2.29,46344,20237.6,9748,9,4,5,4,2,3,0.6,43.5,40.8,0.92,1.94,35.6,Needs Improvement
6,West,11.047,152751,13827.4,31973,29,13,16,11,10,8,0.43,33.7,24.7,0.91,1.9,66.4,Good
7,North East,6.52,168202,25797.9,41731,38,24,14,16,12,10,0.9,52.1,43.3,0.91,2.26,35.0,Needs Improvement
8,North West,2.126,26077,12265.8,6756,7,3,4,2,2,3,0.39,27.0,19.5,1.04,2.68,65.0,Good
9,West,4.194,63551,15152.8,16044,13,5,8,5,4,4,0.23,35.4,20.8,0.81,2.05,79.1,Excellent
10,North West,2.837,37325,13156.5,7544,9,4,5,3,3,3,0.69,35.1,20.9,1.19,2.41,63.0,Good
11,North East,1.186,27044,22802.7,7050,6,3,3,2,2,2,1.23,52.4,35.4,0.85,2.22,35.0,Needs Improvement
12,North West,1.377,19033,13822.1,4278,5,2,3,2,1,2,0.73,30.9,26.8,1.17,2.63,59.8,Good
13,Central,1.175,23654,20131.1,5388,5,2,3,2,1,2,1.08,45.2,44.0,0.93,2.11,35.0,Needs Improvement
14,West,2.31,27078,11722.1,5614,5,2,3,2,1,2,0.44,35.5,30.5,0.89,1.85,59.4,Good
15,West,2.746,37636,13705.8,9469,8,3,5,3,2,3,0.51,36.3,21.6,0.84,2.13,65.3,Good
16,New Delhi,0.702,3322,4732.2,706,2,1,1,0,0,2,0.59,32.7,22.4,2.83,6.02,74.2,Excellent
17,East,5.174,129354,25000.8,30977,32,19,13,14,12,6,0.74,43.7,43.9,1.03,2.47,35.0,Needs Improvement
18,East,2.522,60606,24030.9,15687,15,9,6,6,5,4,0.8,48.1,37.0,0.96,2.48,35.0,Needs Improvement
19,West,2.192,30031,13700.3,6193,6,2,4,2,1,3,0.49,38.1,19.0,0.97,2.0,68.0,Good
20,Central,1.953,43748,22400.4,10388,9,4,5,3,3,3,0.96,40.5,43.2,0.87,2.06,35.0,Needs Improvement
21,North West,7.475,122994,16454.0,26606,31,15,16,14,11,6,0.38,27.0,21.6,1.17,2.52,65.0,Good
22,North,2.154,19602,9100.3,4390,6,3,3,2,2,2,0.36,36.2,21.5,1.37,3.06,65.0,Good
23,North,2.164,27199,12568.9,6342,8,4,4,3,3,2,0.23,38.8,18.0,1.26,2.94,65.0,Good
24,South,4.062,34081,8390.2,7663,17,7,10,7,6,4,0.24,25.8,34.8,2.22,4.99,76.4,Excellent
25,South West,2.457,21657,8814.4,5315,12,4,8,5,3,4,0.66,32.8,22.8,2.26,5.54,70.4,Excellent
26,North,4.249,44948,10578.5,10498,13,7,6,5,4,4,0.64,31.4,18.7,1.24,2.89,65.0,Good
27,South West,2.612,20668,7912.7,4978,11,4,7,5,3,3,0.61,34.2,28.7,2.21,5.32,68.4,Good
28,North West,2.574,34052,13229.2,8566,9,4,5,3,3,3,0.72,27.4,22.8,1.05,2.64,64.0,Good
29,North East,5.695,124454,21853.2,29749,28,18,10,12,10,6,0.85,45.8,39.2,0.94,2.25,35.0,Needs Improvement
30,North,2.354,28777,12224.7,6936,8,4,4,3,2,3,0.27,30.1,34.6,1.15,2.78,61.7,Good
31,North West,1.308,20462,15643.7,4900,5,2,3,2,1,2,0.71,39.2,24.8,1.02,2.44,56.7,Good
32,South,1.018,8067,7924.4,1827,4,1,3,1,1,2,0.25,25.6,34.6,2.19,4.96,81.8,Excellent
33,West,2.557,38554,15077.8,8621,8,3,5,3,2,3,0.43,32.5,27.4,0.93,2.08,65.3,Good
34,North West,1.25,15079,12063.2,3965,4,2,2,1,1,2,0.66,38.2,31.8,1.01,2.65,51.1,Good
35,New Delhi,4.151,34371,8280.2,8335,26,13,13,11,8,7,0.37,34.3,25.4,3.12,7.56,67.7,Good
36,South West,2.986,25831,8650.7,5608,14,5,9,5,4,5,0.38,28.5,25.7,2.5,5.42,70.2,Excellent
37,East,1.977,35690,18052.6,8382,9,5,4,4,3,2,1.14,54.9,37.8,1.07,2.52,35.0,Needs Improvement
38,North East,1.555,27689,17806.4,6178,6,3,3,2,2,2,1.17,46.9,36.7,0.97,2.17,35.0,Needs Improvement
39,South West,2.335,16357,7005.1,4340,9,3,6,4,3,2,0.31,32.3,26.2,2.07,5.5,81.4,Excellent
40,East,3.72,67985,18275.5,13632,17,10,7,7,5,5,1.1,52.9,37.9,1.25,2.5,35.0,Needs Improvement
41,South,4.48,24431,5453.3,5271,12,5,7,5,3,4,0.56,33.6,31.5,2.28,4.91,67.6,Good
42,New Delhi,1.065,10286,9658.2,2320,7,3,4,3,2,2,0.4,27.0,20.3,3.02,6.81,64.4,Good
43,West,9.303,122231,13138.9,28619,24,10,14,9,8,7,0.7,36.0,28.1,0.84,1.96,56.1,Good
44,Central,1.565,25988,16605.8,6745,5,2,3,2,1,2,0.62,54.4,42.6,0.74,1.92,35.0,Needs Improvement
45,North West,1.074,13953,12991.6,2876,3,1,2,1,1,1,0.29,38.6,18.2,1.04,2.15,65.0,Good
46,North East,7.285,170939,23464.5,43830,39,25,14,16,15,8,1.31,44.5,43.8,0.89,2.28,35.0,Needs Improvement
47,North,5.758,60522,10510.9,12340,17,9,8,8,5,4,0.38,39.4,22.1,1.38,2.81,65.0,Good
48,North,4.734,44134,9322.8,11429,13,7,6,5,4,4,0.52,31.7,29.3,1.14,2.95,59.5,Good
49,West,1.532,22406,14625.3,4562,4,1,3,1,1,2,0.29,34.3,32.8,0.88,1.79,61.9,Good
50,Central,5.195,96710,18616.0,19465,19,10,9,8,7,4,1.48,50.0,35.6,0.98,1.96,35.0,Needs Improvement
51,South,2.276,19673,8643.7,4894,10,4,6,4,3,3,0.4,30.9,29.2,2.04,5.08,83.4,Excellent
52,West,0.927,14262,15385.1,3848,3,1,2,1,1,1,0.5,27.8,27.8,0.78,2.1,65.2,Good
53,North East,1.536,29946,19496.1,7868,7,4,3,2,2,3,1.45,54.0,40.6,0.89,2.34,35.0,Needs Improvement
54,West,1.016,10561,10394.7,2538,2,0,2,0,0,2,0.24,25.4,23.9,0.79,1.89,76.5,Excellent
55,West,4.622,71628,15497.2,18925,14,6,8,6,4,4,0.24,29.3,31.7,0.74,1.95,65.7,Good
56,East,5.589,96754,17311.5,19386,24,14,10,11,8,5,1.2,41.5,38.8,1.24,2.48,35.0,Needs Improvement
57,East,1.187,20063,16902.3,5381,5,3,2,2,1,2,0.86,50.6,38.9,0.93,2.49,35.0,Needs Improvement
58,South West,2.203,23576,10701.8,5525,13,5,8,5,4,4,0.65,31.4,30.9,2.35,5.51,69.6,Good
59,North East,3.24,65881,20333.6,16509,15,9,6,7,5,3,0.9,41.8,37.3,0.91,2.28,35.0,Needs Improvement
60,South West,1.086,7342,6760.6,1890,4,1,3,1,1,2,0.48,26.1,22.8,2.12,5.45,78.0,Excellent
61,West,4.736,56152,11856.4,14054,11,4,7,4,3,4,0.54,31.6,27.2,0.78,1.96,61.6,Good
62,North West,1.217,14413,11843.1,3422,4,2,2,1,1,2,0.61,39.9,29.0,1.17,2.78,54.7,Good
63,North,0.928,11981,12910.6,2795,3,1,2,1,1,1,0.54,32.3,32.3,1.07,2.5,57.0,Good
64,North West,1.359,15895,11696.1,4112,4,2,2,1,1,2,0.77,28.1,29.4,0.97,2.52,56.2,Good
65,South,1.894,13816,7294.6,2961,7,3,4,3,2,2,0.75,25.4,27.8,2.36,5.07,77.2,Excellent
66,West,1.347,15723,11672.6,4209,3,1,2,1,1,1,0.54,34.3,19.3,0.71,1.91,66.0,Good
67,South West,5.717,69575,12169.8,17377,40,16,24,19,14,7,0.34,26.6,23.4,2.3,5.75,75.8,Excellent
68,West,2.461,24958,10141.4,5340,5,2,3,2,1,2,0.73,37.7,27.6,0.94,2.0,54.9,Good
69,East,0.905,17387,19212.2,4373,4,2,2,1,1,2,1.32,45.2,40.4,0.91,2.3,35.0,Needs Improvement
70,South,3.125,19204,6145.3,4553,10,4,6,4,3,3,0.44,33.7,32.7,2.2,5.21,68.1,Good
71,New Delhi,0.901,5673,6296.3,1415,4,2,2,1,1,2,0.56,33.0,18.6,2.83,7.05,67.0,Good
72,North West,7.176,88987,12400.6,22579,23,11,12,9,7,7,0.61,30.3,31.6,1.02,2.58,56.8,Good
73,North East,1.06,22815,21523.6,4702,5,3,2,2,1,2,1.28,54.0,40.0,1.06,2.19,35.0,Needs Improvement
74,South,1.799,12370,6876.0,2912,6,2,4,2,2,2,0.29,25.2,22.9,2.06,4.85,83.3,Excellent
75,South West,2.81,19894,7079.7,5276,11,4,7,5,3,3,0.57,37.6,33.7,2.08,5.53,61.6,Good
76,North West,1.425,17629,12371.2,3921,4,2,2,1,1,2,0.4,35.0,33.9,1.02,2.27,56.1,Good
77,West,1.233,14998,12163.8,3623,3,1,2,1,1,1,0.53,27.9,33.4,0.83,2.0,59.2,Good
78,West,2.933,39635,13513.5,8951,8,3,5,3,2,3,0.78,26.9,24.7,0.89,2.02,63.3,Good
79,West,0.824,10608,12873.8,2458,2,0,2,0,0,2,0.23,39.5,23.0,0.81,1.89,67.2,Good
80,West,5.091,64860,12740.1,15462,13,5,8,5,4,4,0.26,26.6,20.4,0.84,2.0,83.4,Excellent
81,West,0.994,11571,11640.8,2758,2,0,2,0,0,2,0.23,32.2,20.6,0.73,1.73,75.0,Excellent
82,North West,1.021,12073,11824.7,2585,3,1,2,1,0,2,0.5,32.3,18.3,1.16,2.48,65.0,Good
83,South,2.221,12316,5545.2,3053,6,2,4,2,2,2,0.63,36.8,26.0,1.97,4.87,66.4,Good
84,North East,0.523,10950,20936.9,2257,2,1,1,0,0,2,0.77,50.3,42.3,0.89,1.83,35.0,Needs Improvement
85,West,2.427,36375,14987.6,7628,7,3,4,3,2,2,0.31,33.8,25.4,0.92,1.92,68.6,Good
86,North East,1.475,26066,17671.9,5218,6,3,3,2,1,3,1.49,48.0,44.6,1.15,2.3,35.0,Needs Improvement
87,South West,3.103,35664,11493.4,7424,19,7,12,8,6,5,0.22,28.6,19.0,2.56,5.33,79.2,Excellent
88,South,2.278,15881,6971.5,3702,8,3,5,3,2,3,0.38,29.6,28.5,2.16,5.04,83.9,Excellent
89,West,4.612,69834,15141.8,16929,14,6,8,5,4,5,0.52,33.1,28.1,0.83,2.0,61.9,Good
90,North,1.309,13773,10521.8,3520,4,2,2,1,1,2,0.56,30.3,27.4,1.14,2.9,61.5,Good
91,North East,4.29,84161,19617.9,17460,19,12,7,7,7,5,0.53,40.5,37.2,1.09,2.26,41.3,Needs Improvement
92,South,2.454,20741,8451.9,5383,11,4,7,4,3,4,0.52,25.6,25.0,2.04,5.3,84.4,Excellent
93,West,1.71,24331,14228.7,6136,5,2,3,2,1,2,0.59,26.3,19.4,0.81,2.05,77.6,Excellent
94,South,2.855,19968,6994.0,4564,10,4,6,4,3,3,0.62,33.8,25.3,2.19,5.01,76.8,Excellent
95,North,1.427,14872,10421.9,3945,4,2,2,1,1,2,0.3,38.6,20.6,1.01,2.69,65.0,Good
96,East,1.624,38884,23943.3,10473,10,6,4,4,3,3,0.7,40.1,36.6,0.95,2.57,39.6,Needs Improvement
97,North,1.685,19387,11505.6,4155,5,2,3,2,1,2,0.43,33.5,30.4,1.2,2.58,60.5,Good
98,South,2.783,17455,6272.0,3954,9,4,5,3,3,3,0.74,31.0,23.6,2.28,5.16,74.2,Excellent
99,West,2.264,23394,10333.0,6195,5,2,3,2,1,2,0.23,25.9,34.0,0.81,2.14,64.7,Good
100,North,0.553,6471,11701.6,1621,2,1,1,0,0,2,0.57,36.4,28.2,1.23,3.09,58.4,Good
101,West,6.713,113467,16902.6,23075,22,9,13,9,7,6,0.77,26.6,30.8,0.95,1.94,60.2,Good
102,West,8.232,113358,13770.4,28872,23,10,13,10,8,5,0.71,33.8,28.0,0.8,2.03,57.2,Good
103,North East,1.569,37647,23994.3,9711,9,5,4,3,2,4,1.1,47.1,43.9,0.93,2.39,35.0,Needs Improvement
104,New Delhi,4.407,31281,7098.0,7899,23,11,12,9,7,7,0.49,32.4,21.0,2.91,7.35,70.3,Excellent
105,South,3.627,25708,7088.0,6580,13,5,8,5,5,3,0.68,39.6,27.6,1.98,5.06,62.6,Good
106,South,1.822,14685,8059.8,3785,8,3,5,3,3,2,0.61,33.2,32.5,2.11,5.45,64.9,Good
107,West,2.128,30715,14433.7,6543,6,2,4,2,2,2,0.38,33.2,32.1,0.92,1.95,61.7,Good
108,South West,5.195,42794,8237.5,9264,23,9,14,9,8,6,0.4,27.9,26.3,2.48,5.37,84.4,Excellent
109,North,0.797,9177,11514.4,2242,3,1,2,1,0,2,0.78,37.2,30.4,1.34,3.27,53.1,Good
110,North East,4.351,101611,23353.5,26779,24,15,9,10,7,7,1.16,46.1,44.3,0.9,2.36,35.0,Needs Improvement
111,North,5.883,46231,7858.4,10269,13,7,6,6,4,3,0.64,30.1,31.1,1.27,2.81,57.3,Good
112,South West,1.57,16051,10223.6,3871,9,3,6,3,2,4,0.48,32.6,33.5,2.32,5.61,69.5,Good
113,South,6.885,38641,5612.3,9575,20,9,11,9,6,5,0.61,29.1,21.4,2.09,5.18,72.1,Excellent
114,North,4.283,38822,9064.2,8992,11,6,5,5,3,3,0.75,31.5,34.6,1.22,2.83,51.6,Good
115,North West,5.293,63079,11917.4,15767,16,8,8,7,5,4,0.59,31.3,20.6,1.01,2.54,65.0,Good
116,South,2.301,13941,6058.7,3666,7,3,4,3,2,2,0.77,35.6,33.9,1.91,5.02,57.2,Good
117,South,1.191,9061,7607.9,2208,5,2,3,2,1,2,0.38,29.1,29.7,2.26,5.52,78.7,Excellent
118,Central,1.888,26115,13832.1,6209,5,2,3,2,1,2,0.71,54.0,35.1,0.81,1.91,35.0,Needs Improvement
119,Central,0.505,8928,17679.2,2059,2,1,1,0,0,2,0.57,44.0,37.1,0.97,2.24,37.9,Needs Improvement
120,East,1.374,23224,16902.5,5583,6,3,3,2,1,3,0.97,46.1,41.9,1.07,2.58,35.0,Needs Improvement
121,West,3.911,42980,10989.5,9665,8,3,5,3,2,3,0.25,28.5,19.4,0.83,1.86,74.2,Excellent
122,Central,1.353,26959,19925.4,6130,5,2,3,2,1,2,1.09,49.2,41.6,0.82,1.85,35.0,Needs Improvement
123,South,3.205,18421,5747.6,4370,9,4,5,3,3,3,0.2,38.6,32.0,2.06,4.89,69.3,Good
124,Central,10.145,168154,16575.1,34414,33,18,15,14,11,8,1.24,50.2,39.1,0.96,1.96,35.0,Needs Improvement
125,West,1.686,22765,13502.4,4917,4,1,3,1,1,2,0.3,34.6,26.1,0.81,1.76,66.2,Good
126,South West,3.099,26180,8447.9,6230,15,6,9,6,5,4,0.29,36.5,28.4,2.41,5.73,74.2,Excellent
127,North West,0.834,12259,14699.0,2822,3,1,2,1,1,1,0.51,30.4,33.1,1.06,2.45,58.4,Good
128,North West,4.741,77835,16417.4,17380,19,9,10,8,6,5,0.27,33.9,25.8,1.09,2.44,65.0,Good
129,North East,4.726,110617,23406.1,27780,25,16,9,11,8,6,1.19,42.4,44.2,0.9,2.26,35.0,Needs Improvement
130,South,1.553,15634,10067.0,3885,8,3,5,3,2,3,0.36,30.6,27.5,2.06,5.12,76.1,Excellent
131,North,1.251,11298,9031.2,2391,3,1,2,1,1,1,0.66,37.7,27.8,1.25,2.66,55.6,Good
132,North East,1.806,39867,22074.8,10425,9,5,4,4,2,3,0.62,49.8,41.4,0.86,2.26,35.0,Needs Improvement
133,East,1.024,22981,22442.4,5393,6,3,3,2,1,3,1.3,43.5,36.7,1.11,2.61,35.0,Needs Improvement
134,South,3.596,25998,7229.7,6548,13,5,8,6,4,3,0.33,33.2,31.3,1.99,5.0,85.0,Excellent
135,North East,5.129,119580,23314.5,28713,27,17,10,12,8,7,1.44,54.6,41.3,0.94,2.26,35.0,Needs Improvement
136,New Delhi,2.669,19216,7199.7,5185,15,7,8,6,5,4,0.43,25.6,22.7,2.89,7.81,64.6,Good
137,South,0.693,4303,6209.2,1087,2,0,2,0,0,2,0.6,25.8,18.3,1.84,4.65,70.8,Excellent
138,West,7.501,106669,14220.6,26612,21,9,12,9,7,5,0.28,37.3,28.7,0.79,1.97,62.9,Good
139,West,3.437,45656,13283.7,11619,9,4,5,3,3,3,0.27,25.6,32.1,0.77,1.97,66.4,Good
140,West,2.89,43339,14996.2,9102,8,3,5,3,3,2,0.51,32.5,31.3,0.88,1.85,60.1,Good
141,North East,0.795,17685,22245.3,3790,4,2,2,1,1,2,0.68,48.4,39.0,1.06,2.26,35.0,Needs Improvement
142,South West,2.27,26623,11728.2,6655,15,6,9,6,5,4,0.79,25.9,27.3,2.25,5.63,78.7,Excellent
143,North,2.534,22361,8824.4,5245,6,3,3,2,1,3,0.56,30.4,23.8,1.14,2.68,63.8,Good
144,East,2.644,58779,22231.1,14860,15,9,6,6,5,4,0.68,52.3,38.1,1.01,2.55,35.0,Needs Improvement
145,New Delhi,3.682,33234,9026.1,6886,24,12,12,10,8,6,0.52,28.9,19.7,3.49,7.22,62.9,Good
146,East,1.362,29541,21689.4,7017,7,4,3,3,2,2,0.61,45.1,40.0,1.0,2.37,36.1,Needs Improvement
147,North West,1.75,21005,12002.9,4758,5,2,3,2,1,2,0.39,33.6,27.6,1.05,2.38,62.4,Good
148,Central,1.444,27628,19133.0,6409,5,2,3,2,1,2,0.53,44.8,39.0,0.78,1.81,36.0,Needs Improvement
149,New Delhi,2.092,16658,7962.7,4035,12,6,6,5,3,4,0.55,27.8,21.5,2.97,7.2,61.9,Good
150,West,0.685,10767,15718.2,2531,2,0,2,0,0,2,0.35,35.3,22.7,0.79,1.86,68.3,Good
151,North,4.801,41612,8667.4,9894,12,6,6,5,3,4,0.32,36.9,29.0,1.21,2.88,60.9,Good
152,West,3.416,38433,11250.9,8995,8,3,5,3,2,3,0.41,28.8,34.0,0.89,2.08,60.6,Good
153,South West,4.17,39717,9524.5,9080,22,8,14,10,6,6,0.33,33.7,22.2,2.42,5.54,71.2,Excellent
154,South,2.194,13891,6331.4,3528,7,3,4,3,2,2,0.58,31.4,31.9,1.98,5.04,65.6,Good
155,Central,2.997,55523,18526.2,11152,11,6,5,5,4,2,1.16,52.7,43.8,0.99,1.98,35.0,Needs Improvement
156,East,1.732,38349,22141.5,9276,10,6,4,4,3,3,1.38,52.4,43.0,1.08,2.61,35.0,Needs Improvement
157,West,7.381,110412,14958.9,26453,22,9,13,9,7,6,0.79,29.6,20.1,0.83,1.99,65.4,Good
158,New Delhi,1.022,7594,7430.5,1899,6,3,3,2,2,2,0.38,28.0,22.0,3.16,7.9,64.5,Good
159,West,0.942,13365,14187.9,3233,3,1,2,1,1,1,0.61,34.2,32.9,0.93,2.24,55.9,Good
160,North West,2.236,27497,12297.4,7090,7,3,4,2,2,3,0.68,27.4,29.3,0.99,2.55,58.7,Good
161,North West,2.758,37874,13732.4,10117,10,5,5,4,3,3,0.72,32.1,29.5,0.99,2.64,55.6,Good
162,North East,12.701,269373,21208.8,60333,60,39,21,26,21,13,1.12,50.7,42.5,0.99,2.23,35.0,Needs Improvement
163,South West,5.114,55830,10917.1,12054,30,12,18,14,9,7,0.28,26.8,23.8,2.49,5.37,72.3,Excellent
164,North West,3.583,60562,16902.6,13908,15,7,8,7,4,4,0.28,33.3,33.8,1.08,2.48,61.4,Good
165,East,1.326,23182,17482.7,5103,6,3,3,2,2,2,0.84,40.0,42.4,1.18,2.59,35.0,Needs Improvement
166,West,1.238,16730,13513.7,4066,3,1,2,1,1,1,0.77,38.5,34.5,0.74,1.79,50.0,Good
167,North East,1.23,30243,24587.8,7979,7,4,3,3,2,2,0.72,41.0,40.3,0.88,2.31,36.1,Needs Improvement
168,North East,4.226,88797,21012.1,18624,20,13,7,9,7,4,0.81,46.3,41.8,1.07,2.25,35.0,Needs Improvement
169,South,4.714,31979,6783.8,6621,16,7,9,6,6,4,0.56,37.5,18.7,2.42,5.0,76.6,Excellent
170,Central,4.54,86202,18987.2,18785,17,9,8,7,6,4,1.03,54.2,44.0,0.9,1.97,35.0,Needs Improvement
171,South West,1.264,12094,9568.0,3033,7,2,5,3,2,2,0.32,25.5,32.5,2.31,5.79,77.7,Excellent
172,West,0.899,9769,10866.5,2359,2,0,2,0,0,2,0.29,37.1,21.0,0.85,2.05,68.8,Good
173,South,2.595,17299,6666.3,3583,9,4,5,3,3,3,0.21,37.1,33.1,2.51,5.2,73.9,Excellent
174,West,3.402,54511,16023.2,14407,11,4,7,5,3,3,0.43,33.7,30.3,0.76,2.02,61.0,Good
175,North,2.833,25517,9007.1,6514,7,3,4,3,2,2,0.6,39.1,19.2,1.07,2.74,61.5,Good
176,North,4.213,45118,10709.2,9096,13,7,6,5,4,4,0.57,34.3,33.3,1.43,2.88,56.8,Good
177,Central,4.362,77845,17846.2,19118,16,8,8,7,4,5,0.6,53.3,44.1,0.84,2.06,35.0,Needs Improvement
178,East,5.899,131040,22213.9,33282,33,19,14,15,9,9,1.18,44.6,41.5,0.99,2.52,35.0,Needs Improvement
179,West,4.247,60276,14192.6,13635,12,5,7,5,4,3,0.53,36.0,18.7,0.88,1.99,68.1,Good
180,West,0.791,8311,10507.0,1702,2,0,2,0,0,2,0.25,30.5,24.9,1.18,2.41,74.7,Excellent
181,North West,1.521,19755,12988.2,4057,5,2,3,2,1,2,0.77,33.6,34.9,1.23,2.53,51.2,Good
182,East,2.095,39575,18890.2,8203,10,6,4,4,3,3,0.53,43.6,36.6,1.22,2.53,41.0,Needs Improvement
183,North,8.906,97763,10977.2,25304,28,15,13,12,10,6,0.56,36.1,20.0,1.11,2.86,64.3,Good
184,South,1.506,7127,4732.4,1879,4,1,3,1,1,2,0.64,28.4,34.9,2.13,5.61,64.9,Good
185,East,1.97,33298,16902.5,6945,8,4,4,3,2,3,1.19,43.5,40.5,1.15,2.4,35.0,Needs Improvement
186,Central,2.094,36817,17582.1,7971,7,3,4,3,2,2,0.67,51.1,38.1,0.88,1.9,35.0,Needs Improvement
187,New Delhi,4.018,27467,6836.0,5811,20,10,10,8,6,6,0.39,34.8,18.6,3.44,7.28,81.6,Excellent
188,North East,1.962,38619,19683.5,8227,9,5,4,4,2,3,1.05,41.7,39.3,1.09,2.33,35.0,Needs Improvement
189,North,2.984,30253,10138.4,7824,9,4,5,4,3,2,0.49,37.1,23.6,1.15,2.97,62.1,Good
190,New Delhi,0.929,6356,6841.8,1418,5,2,3,2,1,2,0.35,31.4,23.8,3.53,7.87,67.1,Good
191,East,2.619,53502,20428.4,11866,13,7,6,5,4,4,0.82,41.0,35.9,1.1,2.43,37.9,Needs Improvement
192,South,5.579,51024,9145.7,11016,26,11,15,12,8,6,0.39,28.4,23.0,2.36,5.1,71.3,Excellent
193,Central,3.655,68103,18632.8,16518,14,7,7,6,5,3,1.07,44.2,41.9,0.85,2.06,35.0,Needs Improvement
194,North West,2.09,30284,14490.0,6860,8,4,4,3,2,3,0.4,28.2,30.2,1.17,2.64,64.8,Good
195,New Delhi,4.483,21583,4814.4,5441,16,8,8,6,5,5,0.59,32.2,26.8,2.94,7.41,63.4,Good
196,North West,4.432,68502,15456.2,14686,17,8,9,7,5,5,0.6,36.1,22.9,1.16,2.48,63.0,Good
197,West,3.265,42807,13110.9,10922,9,4,5,3,3,3,0.2,34.6,26.8,0.82,2.1,67.4,Good
198,Central,3.972,77429,19493.7,18757,16,8,8,6,6,4,0.8,44.2,37.7,0.85,2.07,35.0,Needs Improvement
199,New Delhi,5.124,31986,6242.4,6653,23,11,12,9,7,7,0.48,34.8,19.5,3.46,7.19,62.5,Good
200,South,1.474,10931,7415.9,2503,6,2,4,2,2,2,0.6,37.3,21.6,2.4,5.49,74.5,Excellent
201,West,1.604,22576,14074.8,5879,5,2,3,2,1,2,0.6,32.0,27.9,0.85,2.21,60.9,Good
202,West,3.871,55658,14378.2,14727,11,4,7,4,3,4,0.59,27.8,33.9,0.75,1.98,57.6,Good
203,Central,8.134,138145,16983.6,32132,27,14,13,13,9,5,1.44,54.5,36.9,0.84,1.95,35.0,Needs Improvement
204,North West,2.272,30507,13427.4,7128,8,4,4,3,2,3,0.65,25.4,33.0,1.12,2.62,58.8,Good
205,North West,1.19,17149,14410.9,4532,4,2,2,1,1,2,0.69,30.3,18.8,0.88,2.33,65.0,Good
206,Central,5.787,111643,19292.0,26916,22,12,10,8,7,7,1.32,40.2,36.8,0.82,1.97,35.0,Needs Improvement
207,South West,1.962,19507,9942.4,3946,11,4,7,5,3,3,0.66,25.8,27.5,2.79,5.64,84.5,Excellent
208,West,1.849,24603,13306.1,6492,5,2,3,2,1,2,0.45,35.5,29.4,0.77,2.03,59.6,Good
209,East,0.464,8418,18142.2,1829,1,0,1,0,0,1,0.56,42.8,38.8,0.55,1.19,35.0,Needs Improvement
210,North East,2.234,55198,24708.1,13271,13,8,5,5,5,3,0.92,49.2,42.3,0.98,2.36,35.0,Needs Improvement
211,North East,3.73,92364,24762.5,19542,20,13,7,8,6,6,0.66,54.1,43.2,1.02,2.17,35.0,Needs Improvement
212,West,1.21,17060,14099.2,3452,3,1,2,1,0,2,0.49,33.3,26.2,0.87,1.76,64.0,Good
213,East,4.55,107963,23728.1,23946,27,16,11,12,9,6,1.11,48.3,39.1,1.13,2.5,35.0,Needs Improvement
214,West,1.178,19911,16902.4,5070,4,1,3,1,1,2,0.45,30.4,31.8,0.79,2.01,61.9,Good
215,Central,1.57,29582,18842.0,6491,6,3,3,2,2,2,1.48,50.7,38.4,0.92,2.03,35.0,Needs Improvement
216,Central,1.226,26735,21806.7,5758,5,2,3,2,1,2,0.76,50.6,39.3,0.87,1.87,35.0,Needs Improvement
217,South,1.275,9435,7400.0,2027,5,2,3,2,1,2,0.53,39.0,31.0,2.47,5.3,67.3,Good
218,South,0.84,7176,8542.9,1693,4,1,3,1,1,2,0.41,26.4,22.3,2.36,5.57,84.2,Excellent
219,New Delhi,1.866,14852,7959.3,3984,11,5,6,4,4,3,0.23,28.8,24.0,2.76,7.41,65.0,Good
220,South West,1.776,18290,10298.4,4245,10,4,6,4,3,3,0.46,37.5,26.8,2.36,5.47,75.0,Excellent
221,North,1.911,18004,9421.2,4303,5,2,3,2,1,2,0.52,37.7,31.9,1.16,2.78,54.3,Good
222,West,2.702,43599,16135.8,11346,9,4,5,4,3,2,0.21,38.7,34.2,0.79,2.06,59.4,Good
223,New Delhi,0.728,4691,6443.7,1113,3,1,2,1,0,2,0.55,33.0,24.6,2.7,6.4,72.8,Excellent
224,North West,3.3,45781,13873.0,9747,11,5,6,5,3,3,0.77,36.7,21.9,1.13,2.4,59.6,Good
225,South,3.531,21224,6010.8,4689,11,4,7,4,4,3,0.28,31.8,32.7,2.35,5.18,78.6,Excellent
226,East,2.101,41088,19556.4,9109,10,6,4,4,3,3,0.74,44.4,35.4,1.1,2.43,37.7,Needs Improvement
227,South,3.518,22556,6411.6,5138,11,4,7,4,4,3,0.26,30.1,19.7,2.14,4.88,70.0,Excellent
228,East,2.233,45549,20398.1,10470,11,6,5,5,4,2,0.89,46.3,37.7,1.05,2.41,35.0,Needs Improvement
229,West,8.369,99734,11917.1,25530,20,9,11,9,6,5,0.4,25.3,18.4,0.78,2.01,70.0,Excellent
230,North West,5.006,73043,14591.1,16395,18,9,9,8,6,4,0.39,33.5,33.3,1.1,2.46,59.1,Good
231,North West,4.182,46409,11097.3,10802,12,6,6,5,3,4,0.72,28.9,22.4,1.11,2.59,63.4,Good
232,South West,0.913,7988,8749.2,1947,4,1,3,1,1,2,0.54,26.8,19.7,2.05,5.01,70.0,Excellent
233,North West,2.388,31500,13191.0,7132,8,4,4,3,2,3,0.28,35.4,21.8,1.12,2.54,65.0,Good
234,South,3.885,31296,8055.6,8091,16,7,9,6,6,4,0.7,38.1,20.1,1.98,5.11,69.9,Good
235,North,4.641,57072,12297.3,13761,16,8,8,7,5,4,0.4,30.9,28.2,1.16,2.8,64.2,Good
236,Central,2.301,42948,18664.9,9473,8,4,4,3,3,2,1.47,49.3,43.3,0.84,1.86,35.0,Needs Improvement
237,East,9.763,207657,21269.8,51910,53,31,22,22,20,11,0.58,45.7,44.6,1.02,2.55,35.0,Needs Improvement
238,East,3.33,65284,19604.8,15468,16,9,7,7,4,5,0.65,53.1,44.5,1.03,2.45,35.0,Needs Improvement
239,West,1.575,19707,12512.4,4678,4,1,3,1,1,2,0.31,29.7,34.7,0.86,2.03,61.6,Good
240,South,1.536,11289,7349.6,2637,6,2,4,2,1,3,0.75,26.3,34.6,2.28,5.31,65.7,Good
241,West,3.537,47162,13333.9,11073,9,4,5,4,3,2,0.26,25.9,19.5,0.81,1.91,70.0,Excellent
242,South,4.319,34135,7903.4,8655,18,8,10,7,5,6,0.59,28.2,29.5,2.08,5.27,70.0,Excellent
243,West,3.648,38543,10565.5,7986,7,3,4,2,2,3,0.77,36.5,31.8,0.88,1.82,50.8,Good
244,North West,2.178,29749,13658.9,6646,7,3,4,2,2,3,0.62,33.5,20.3,1.05,2.35,64.7,Good
245,East,5.298,106064,20019.6,21773,26,15,11,10,8,8,0.8,53.6,38.5,1.19,2.45,35.0,Needs Improvement
246,South,0.882,6463,7327.7,1633,3,1,2,1,1,1,0.26,36.3,32.4,1.84,4.64,67.3,Good
247,Central,1.625,28599,17599.4,6264,6,3,3,2,2,2,0.93,54.9,36.2,0.96,2.1,35.0,Needs Improvement
248,South West,2.754,21300,7734.2,5598,12,4,8,5,4,3,0.21,25.7,18.3,2.14,5.63,70.0,Excellent
249,South,4.471,31791,7110.5,7530,16,7,9,7,5,4,0.44,25.8,23.5,2.12,5.03,70.0,Excellent
250,North West,3.41,46496,13635.2,11905,12,6,6,5,4,3,0.65,36.9,32.6,1.01,2.58,52.0,Good
251,North,1.179,11774,9986.4,3161,3,1,2,1,1,1,0.51,25.8,24.7,0.95,2.55,65.0,Good
252,South,5.349,50149,9375.4,12977,26,11,15,11,9,6,0.64,32.4,29.5,2.0,5.18,66.9,Good
253,West,7.158,80561,11254.7,21001,16,7,9,7,5,4,0.56,35.5,22.8,0.76,1.99,62.4,Good
254,North,8.579,100592,11725.4,22991,29,15,14,12,9,8,0.32,31.0,26.0,1.26,2.88,65.0,Good
255,North,3.136,28785,9178.9,6868,8,4,4,3,2,3,0.68,35.1,32.5,1.16,2.78,52.2,Good
256,North West,11.12,164218,14767.8,35762,41,20,21,19,15,7,0.61,36.0,26.5,1.15,2.5,59.6,Good
257,West,3.881,41840,10780.7,8942,8,3,5,3,2,3,0.64,30.0,20.2,0.89,1.91,67.1,Good
258,North,3.195,34636,10840.7,8152,10,5,5,4,3,3,0.31,31.8,23.8,1.23,2.89,65.0,Good
259,North,2.591,32154,12409.9,7770,9,4,5,4,3,2,0.25,36.2,32.8,1.16,2.8,60.3,Good
260,West,1.503,17407,11581.5,3894,3,1,2,1,0,2,0.39,35.1,25.5,0.77,1.72,63.8,Good
261,West,2.019,32043,15870.7,7685,6,2,4,2,2,2,0.44,30.9,28.9,0.78,1.87,63.9,Good
262,West,2.599,31386,12076.2,8226,6,2,4,2,1,3,0.34,36.3,24.5,0.73,1.91,64.7,Good
263,East,1.898,42556,22421.5,10169,11,6,5,5,4,2,0.59,47.4,35.4,1.08,2.58,39.3,Needs Improvement
264,South West,2.493,19209,7705.2,4811,11,4,7,4,3,4,0.22,31.6,34.4,2.29,5.73,70.0,Excellent
265,North West,0.531,7222,13600.8,1851,1,0,1,0,0,1,0.35,34.2,29.5,0.54,1.38,57.5,Good
266,North West,4.979,54324,10910.6,14624,14,7,7,5,4,5,0.72,32.3,22.1,0.96,2.58,60.4,Good
267,South,0.739,6560,8876.9,1588,3,1,2,1,0,2,0.67,31.6,28.1,1.89,4.57,66.9,Good
268,East,2.817,49521,17579.3,12701,13,7,6,6,4,3,1.41,45.0,36.8,1.02,2.63,35.0,Needs Improvement
269,East,2.675,49496,18503.2,13234,13,7,6,5,4,4,0.51,41.6,38.9,0.98,2.63,39.0,Needs Improvement
270,South West,2.279,21727,9533.6,5781,12,4,8,5,4,3,0.47,37.7,24.4,2.08,5.52,70.0,Excellent
271,North,1.599,10810,6760.5,2268,3,1,2,1,1,1,0.46,30.4,19.5,1.32,2.78,65.0,Good
272,North West,4.495,62234,13845.2,14217,16,8,8,7,5,4,0.3,27.0,30.9,1.13,2.57,65.0,Good
273,North,3.637,32857,9034.1,7316,9,4,5,3,2,4,0.59,34.5,31.2,1.23,2.74,55.8,Good
274,New Delhi,4.278,29180,6820.9,6013,21,10,11,9,8,4,0.39,29.3,22.2,3.49,7.2,65.1,Good
275,West,1.545,18208,11785.1,4448,4,1,3,1,1,2,0.26,31.8,18.9,0.9,2.2,70.0,Excellent
276,South,5.224,24723,4732.6,6218,13,5,8,5,3,5,0.27,30.0,28.3,2.09,5.26,70.0,Excellent
277,South West,1.179,10380,8804.1,2692,6,2,4,2,1,3,0.69,28.9,28.3,2.23,5.78,70.0,Excellent
278,North East,2.967,52350,17644.1,10919,12,7,5,5,4,3,0.67,49.9,36.5,1.1,2.29,35.1,Needs Improvement
279,West,1.1,16515,15013.6,4316,3,1,2,1,0,2,0.31,31.2,28.2,0.7,1.82,65.8,Good
280,North West,4.13,46889,11353.3,11488,12,6,6,5,3,4,0.23,28.9,30.9,1.04,2.56,64.9,Good
281,West,1.268,16182,12761.8,4033,3,1,2,1,0,2,0.68,39.0,33.3,0.74,1.85,50.0,Good
282,South,5.197,49053,9438.7,12937,25,11,14,11,9,5,0.2,30.9,29.6,1.93,5.1,70.0,Excellent
283,North East,0.718,16695,23252.1,4069,4,2,2,1,1,2,0.92,41.2,43.3,0.98,2.4,35.0,Needs Improvement
284,North West,0.981,11441,11662.6,2557,3,1,2,1,0,2,0.63,31.3,23.3,1.17,2.62,63.6,Good
285,North East,2.075,35072,16902.2,9040,8,5,3,3,2,3,1.26,45.3,40.4,0.88,2.28,35.0,Needs Improvement
286,East,2.64,47073,17830.7,10610,12,7,5,5,4,3,0.98,54.3,44.5,1.13,2.55,35.0,Needs Improvement
287,South West,6.351,42939,6761.0,8690,23,9,14,10,7,6,0.73,31.3,19.4,2.65,5.36,70.0,Excellent
288,North West,2.696,32725,12138.4,8447,8,4,4,3,2,3,0.49,34.0,25.0,0.95,2.44,61.6,Good
289,Central,3.781,89472,23663.6,20056,18,9,9,8,6,4,0.85,44.7,42.3,0.9,2.01,35.0,Needs Improvement
290,West,1.18,16790,14228.8,4267,3,1,2,1,0,2,0.61,28.8,24.5,0.7,1.79,64.4,Good
291,West,1.905,23414,12290.8,5277,5,2,3,2,1,2,0.53,26.8,21.7,0.95,2.14,70.0,Excellent
292,East,1.303,31175,23925.6,8114,8,4,4,3,2,3,0.62,40.9,36.4,0.99,2.57,40.8,Needs Improvement
293,East,2.1,38858,18503.8,8368,10,6,4,4,3,3,0.81,44.5,42.6,1.2,2.57,35.0,Needs Improvement
294,New Delhi,2.569,13283,5170.5,3562,10,5,5,4,3,3,0.23,33.7,25.0,2.81,7.53,71.5,Excellent
295,East,1.479,29461,19919.5,7500,7,4,3,3,2,2,1.43,44.5,36.1,0.93,2.38,35.0,Needs Improvement
296,Central,3.351,46217,13792.0,9612,9,4,5,4,3,2,0.55,45.1,40.3,0.94,1.95,35.0,Needs Improvement
297,North West,3.862,48883,12657.4,11712,12,6,6,5,3,4,0.71,32.7,21.6,1.02,2.45,61.8,Good
298,South,0.612,6206,10140.5,1669,3,1,2,1,1,1,0.63,32.9,27.8,1.8,4.83,66.8,Good
299,North East,0.974,23713,24346.0,5524,5,3,2,2,1,2,1.4,48.3,43.4,0.91,2.11,35.0,Needs Improvement
300,Central,1.347,29322,21768.4,6238,6,3,3,2,2,2,0.55,41.2,37.9,0.96,2.05,39.9,Needs Improvement
301,West,1.586,16615,10476.0,3886,3,1,2,1,0,2,0.49,33.8,25.5,0.77,1.81,62.2,Good
302,North West,2.361,24168,10236.3,5700,6,3,3,2,2,2,0.43,29.3,34.6,1.05,2.48,57.6,Good
303,Central,2.59,54147,20906.2,13640,11,6,5,4,4,3,1.19,46.6,39.9,0.81,2.03,35.0,Needs Improvement
304,South,1.091,9930,9101.7,2471,5,2,3,2,1,2,0.41,27.4,25.3,2.02,5.04,70.0,Excellent
305,North West,1.898,27964,14733.4,6380,7,3,4,3,2,2,0.3,25.1,29.0,1.1,2.5,65.0,Good
306,North,1.447,16126,11144.4,3471,5,2,3,2,1,2,0.46,27.8,32.4,1.44,3.1,63.3,Good
307,East,5.132,96278,18760.3,23602,24,14,10,10,8,6,0.66,44.8,44.8,1.02,2.49,35.0,Needs Improvement
308,Central,2.006,32374,16138.6,7430,6,3,3,2,2,2,0.96,43.9,38.0,0.81,1.85,35.0,Needs Improvement
309,North East,1.448,27899,19267.3,5838,6,3,3,2,1,3,0.58,46.0,39.3,1.03,2.15,36.2,Needs Improvement
310,North West,3.82,41610,10892.7,10945,11,5,6,4,3,4,0.7,32.4,33.9,1.01,2.64,51.4,Good
311,South,1.548,11063,7146.6,2747,6,2,4,2,1,3,0.35,33.6,22.7,2.18,5.42,70.0,Excellent
312,West,0.705,10090,14312.1,2500,2,0,2,0,0,2,0.75,39.5,18.8,0.8,1.98,61.2,Good
313,North,1.809,22053,12190.7,5680,6,3,3,2,2,2,0.37,36.2,21.1,1.06,2.72,65.0,Good
314,South,1.439,9360,6504.5,2219,5,2,3,2,1,2,0.21,37.1,31.1,2.25,5.34,70.0,Excellent
315,North,1.006,10547,10484.1,2711,3,1,2,1,1,1,0.53,33.2,25.3,1.11,2.84,61.8,Good
316,West,2.826,30802,10899.5,7234,6,2,4,2,2,2,0.24,30.7,31.9,0.83,1.95,64.0,Good
317,Central,2.663,58043,21796.1,11881,11,6,5,4,3,4,0.73,45.2,41.0,0.93,1.9,35.0,Needs Improvement
318,Central,2.707,53806,19876.6,12287,11,6,5,4,4,3,1.11,52.5,39.3,0.9,2.04,35.0,Needs Improvement
319,South,11.782,99219,8421.2,23298,51,22,29,20,18,13,0.52,36.4,21.8,2.19,5.14,70.0,Excellent
320,Central,1.706,30624,17950.8,7668,6,3,3,2,2,2,0.75,54.0,36.6,0.78,1.96,35.0,Needs Improvement
321,Central,0.446,7132,15991.0,1479,1,0,1,0,0,1,1.08,42.8,36.2,0.68,1.4,35.0,Needs Improvement
322,North,1.573,16083,10224.4,3374,4,2,2,1,1,2,0.41,28.1,20.8,1.19,2.49,65.0,Good
323,South,1.649,10883,6599.8,2377,5,2,3,2,1,2,0.71,27.3,29.8,2.1,4.59,68.2,Good
324,East,3.158,61586,19501.6,13466,15,9,6,7,4,4,1.47,42.5,38.8,1.11,2.44,35.0,Needs Improvement
325,West,4.554,57650,12659.2,14484,11,4,7,4,3,4,0.37,25.9,32.0,0.76,1.91,64.1,Good
326,West,2.736,33606,12282.9,7311,7,3,4,3,2,2,0.41,30.1,28.0,0.96,2.08,65.9,Good
327,East,0.572,10532,18412.6,2573,2,1,1,0,0,2,0.71,51.7,42.8,0.78,1.9,35.0,Needs Improvement
328,South West,1.783,18113,10158.7,4249,10,4,6,4,3,3,0.25,25.6,29.6,2.35,5.52,70.0,Excellent
329,East,1.976,42397,21456.0,10180,11,6,5,4,3,4,1.24,41.8,38.4,1.08,2.59,35.0,Needs Improvement
330,West,0.912,12633,13852.0,3267,3,1,2,1,1,1,0.67,32.6,24.0,0.92,2.37,63.1,Good
331,East,4.039,71264,17644.0,16270,18,10,8,8,5,5,1.05,49.5,41.3,1.11,2.53,35.0,Needs Improvement
332,North West,1.766,27372,15499.4,6951,7,3,4,3,2,2,0.53,29.3,23.2,1.01,2.56,65.0,Good
333,North East,1.245,29411,23623.3,6751,7,4,3,3,2,2,0.89,52.5,38.8,1.04,2.38,35.0,Needs Improvement
334,North West,2.181,23869,10944.1,5365,6,3,3,2,2,2,0.31,36.0,31.3,1.12,2.51,59.7,Good
335,Central,1.19,24235,20365.5,6473,5,2,3,2,1,2,0.86,45.6,40.5,0.77,2.06,35.0,Needs Improvement
336,South,2.479,19630,7918.5,4179,10,4,6,4,3,3,0.77,27.2,22.0,2.39,5.09,70.0,Excellent
337,West,4.044,50883,12582.3,10498,10,4,6,4,3,3,0.8,27.4,31.6,0.95,1.97,57.0,Good
338,North East,2.035,40855,20076.2,10375,9,5,4,4,3,2,0.6,52.2,44.2,0.87,2.2,35.0,Needs Improvement
339,New Delhi,1.119,8239,7362.8,1687,6,3,3,2,2,2,0.42,26.8,22.1,3.56,7.28,67.3,Good
340,West,0.929,12361,13305.7,3196,2,0,2,0,0,2,0.34,34.9,27.4,0.63,1.62,62.6,Good
341,South West,2.776,21701,7817.4,5004,12,4,8,5,4,3,0.52,31.7,33.9,2.4,5.53,68.9,Good
342,South West,1.345,10620,7895.9,2804,6,2,4,2,2,2,0.75,33.7,27.8,2.14,5.65,66.2,Good
343,South,1.927,14273,7406.9,3575,7,3,4,3,2,2,0.54,29.0,28.6,1.96,4.9,70.0,Excellent
344,South,1.387,12599,9083.6,3058,6,2,4,2,1,3,0.51,30.4,30.7,1.96,4.76,69.1,Good
345,North West,1.753,26317,15012.5,7012,7,3,4,3,2,2,0.63,25.4,31.0,1.0,2.66,60.3,Good
346,Central,5.024,86135,17144.7,19618,17,9,8,7,5,5,1.32,53.9,44.0,0.87,1.97,35.0,Needs Improvement
347,South,1.445,9985,6910.0,2663,5,2,3,2,1,2,0.25,31.1,21.7,1.88,5.01,70.0,Excellent
348,North East,2.34,52601,22479.1,11017,12,7,5,5,3,4,0.52,49.2,37.5,1.09,2.28,38.2,Needs Improvement
349,North West,1.151,14730,12797.6,3444,4,2,2,1,1,2,0.51,33.8,29.8,1.16,2.72,59.4,Good
350,Central,1.691,26104,15437.0,5714,5,2,3,2,1,2,1.32,40.9,38.4,0.88,1.92,35.0,Needs Improvement
351,West,1.835,19972,10883.9,4749,4,1,3,1,1,2,0.72,40.0,32.0,0.84,2.0,50.0,Good
352,South,1.814,12404,6837.9,2621,6,2,4,2,1,3,0.53,35.2,19.0,2.29,4.84,70.0,Excellent
353,South,2.139,17002,7948.6,4401,9,4,5,3,3,3,0.43,25.9,20.2,2.04,5.29,70.0,Excellent
354,Central,1.133,20433,18034.4,5297,4,2,2,1,1,2,0.98,41.4,42.3,0.76,1.96,35.0,Needs Improvement
355,East,1.952,32993,16902.2,8804,8,4,4,3,2,3,1.38,41.9,36.9,0.91,2.42,35.0,Needs Improvement
356,North West,6.602,66954,10141.5,14115,17,8,9,8,5,4,0.56,39.1,34.4,1.2,2.54,51.2,Good
357,South West,1.314,12363,9408.7,3012,7,2,5,3,2,2,0.43,33.6,20.1,2.32,5.66,70.0,Excellent
358,North West,4.2,46548,11082.9,10854,12,6,6,5,4,3,0.48,27.6,24.7,1.11,2.58,65.0,Good
359,North,10.772,138569,12863.8,31054,39,21,18,17,15,7,0.76,29.4,30.0,1.26,2.81,58.0,Good
360,East,2.078,39205,18866.7,8805,10,6,4,4,3,3,1.05,41.1,36.5,1.14,2.55,35.0,Needs Improvement
361,West,6.349,107314,16902.5,24563,21,9,12,9,6,6,0.7,31.8,28.7,0.85,1.96,59.5,Good
362,North,0.99,12171,12293.9,3034,4,2,2,1,1,2,0.75,36.2,27.1,1.32,3.29,57.1,Good
363,North,5.854,50774,8673.4,12281,15,8,7,6,5,4,0.5,32.2,28.8,1.22,2.95,60.4,Good
364,West,2.833,32561,11493.5,7559,6,2,4,2,2,2,0.33,30.3,31.3,0.79,1.84,62.8,Good
365,South West,5.792,47774,8248.3,9808,26,10,16,12,8,6,0.7,30.0,27.9,2.65,5.44,70.0,Excellent
366,East,1.313,23974,18258.9,4925,6,3,3,2,1,3,1.03,53.6,44.4,1.22,2.5,35.0,Needs Improvement
367,South,2.746,27602,10051.7,5524,14,6,8,6,4,4,0.56,25.5,28.3,2.53,5.07,70.0,Excellent
368,North,1.101,11382,10337.9,3047,3,1,2,1,1,1,0.4,28.2,21.3,0.98,2.64,65.0,Good
369,Central,1.948,34597,17760.3,6932,7,3,4,3,2,2,0.85,42.4,41.6,1.01,2.02,35.0,Needs Improvement
370,West,0.733,11399,15551.2,2362,2,0,2,0,0,2,0.44,31.0,28.2,0.85,1.75,64.9,Good
371,North,2.319,24930,10750.3,5535,7,3,4,3,2,2,0.64,39.5,21.6,1.26,2.81,60.7,Good
372,East,1.347,22767,16902.0,5840,6,3,3,2,1,3,0.7,42.9,44.2,1.03,2.64,35.0,Needs Improvement
373,South,1.502,11334,7545.9,3030,6,2,4,2,2,2,0.43,30.9,32.4,1.98,5.29,68.4,Good
374,North East,4.384,79502,18134.6,20296,18,11,7,7,5,6,1.16,45.6,43.4,0.89,2.26,35.0,Needs Improvement
375,North East,0.466,9750,20922.7,2421,2,1,1,0,0,2,1.1,43.8,39.8,0.83,2.05,35.0,Needs Improvement
376,North West,1.266,19101,15087.7,4517,5,2,3,2,1,2,0.7,32.1,20.2,1.11,2.62,65.0,Good
377,West,1.272,17521,13774.4,3610,3,1,2,1,1,1,0.45,26.7,25.0,0.83,1.71,69.1,Good
378,North,3.188,41591,13046.1,11107,12,6,6,5,4,3,0.22,35.7,18.7,1.08,2.89,65.0,Good
379,North West,5.45,74143,13604.2,18764,19,9,10,7,7,5,0.7,26.4,29.4,1.01,2.56,59.4,Good
380,North,2.059,23895,11605.1,5847,7,3,4,3,2,2,0.48,39.4,23.5,1.2,2.93,62.0,Good
381,North West,1.727,21955,12712.8,5557,6,3,3,2,2,2,0.63,34.4,30.4,1.08,2.73,55.6,Good
382,West,5.399,74291,13760.1,18623,15,6,9,6,4,5,0.79,38.2,34.3,0.81,2.02,50.0,Good
383,North West,3.309,33558,10141.4,8208,9,4,5,3,3,3,0.26,33.3,27.8,1.1,2.68,64.6,Good
384,North West,2.43,36922,15194.2,9918,10,5,5,4,3,3,0.7,31.1,21.5,1.01,2.71,63.7,Good
385,South West,5.394,51949,9630.9,13674,29,11,18,13,8,8,0.28,29.7,31.0,2.12,5.58,70.0,Excellent
386,Central,2.626,50156,19099.8,12301,10,5,5,4,3,3,0.86,48.9,44.3,0.81,1.99,35.0,Needs Improvement
387,South West,1.6,19414,12133.8,4824,11,4,7,4,4,3,0.76,26.6,24.9,2.28,5.67,70.0,Excellent
388,West,5.91,83455,14121.0,16992,16,7,9,7,5,4,0.31,31.2,27.2,0.94,1.92,68.3,Good
389,South West,3.11,27843,8952.7,6874,16,6,10,6,6,4,0.65,30.5,33.0,2.33,5.75,67.5,Good
390,Central,1.542,28501,18483.1,5788,6,3,3,2,2,2,1.31,42.3,43.2,1.04,2.11,35.0,Needs Improvement
391,South,1.17,8042,6873.5,1939,4,1,3,1,1,2,0.34,35.5,18.8,2.06,4.97,70.0,Excellent
392,West,2.265,23428,10343.5,6324,5,2,3,2,1,2,0.68,30.8,28.3,0.79,2.13,58.0,Good
393,South,2.962,25462,8596.2,6083,13,5,8,5,4,4,0.26,27.9,30.5,2.14,5.11,70.0,Excellent
394,North,1.996,19893,9966.4,4637,6,3,3,2,1,3,0.4,31.4,27.5,1.29,3.02,64.8,Good
395,Central,1.664,36567,21975.4,8114,7,3,4,2,2,3,0.83,54.5,40.7,0.86,1.91,35.0,Needs Improvement
396,West,2.553,38691,15155.1,8064,7,3,4,3,2,2,0.4,34.9,21.7,0.87,1.81,69.0,Good
397,South,8.209,69022,8408.1,17336,37,16,21,15,13,9,0.39,34.6,23.8,2.13,5.36,70.0,Excellent
398,South,3.161,19441,6150.3,4150,10,4,6,4,3,3,0.26,28.9,26.1,2.41,5.14,70.0,Excellent
399,North West,3.59,57466,16007.2,11956,14,7,7,6,4,4,0.6,32.8,26.6,1.17,2.44,62.1,Good
400,New Delhi,2.303,11018,4784.2,2528,8,4,4,3,2,3,0.37,34.5,23.0,3.16,7.26,62.7,Good
401,Central,3.309,68501,20701.4,17513,14,7,7,6,5,3,0.71,46.7,41.6,0.8,2.04,35.0,Needs Improvement
402,West,2.497,31607,12658.0,7969,6,2,4,2,1,3,0.64,31.6,28.6,0.75,1.9,58.4,Good
403,South,4.063,27271,6712.0,5558,13,5,8,6,4,3,0.31,38.3,33.8,2.34,4.77,68.2,Good
404,East,2.176,42351,19462.8,9819,11,6,5,5,3,3,0.67,52.3,43.9,1.12,2.6,35.0,Needs Improvement
405,West,3.732,58099,15567.8,13744,11,4,7,4,3,4,0.45,34.7,27.7,0.8,1.89,62.6,Good
406,East,2.641,44639,16902.3,10941,11,6,5,4,4,3,1.42,48.2,41.3,1.01,2.46,35.0,Needs Improvement
407,Central,4.163,76997,18495.6,18903,15,8,7,6,5,4,0.58,47.5,44.0,0.79,1.95,35.0,Needs Improvement
408,North West,1.006,15793,15698.8,3561,4,2,2,1,1,2,0.62,38.4,23.3,1.12,2.53,60.9,Good
409,North East,1.917,41183,21483.0,9852,9,5,4,3,3,3,0.66,41.6,40.1,0.91,2.19,36.2,Needs Improvement
410,North East,9.38,225798,24072.3,52763,51,33,18,20,18,13,0.73,45.3,38.1,0.97,2.26,36.0,Needs Improvement
411,North,8.347,87756,10513.5,22987,26,14,12,11,8,7,0.75,32.1,32.6,1.13,2.96,52.7,Good
412,West,15.151,201000,13266.5,47660,41,18,23,16,13,12,0.55,25.9,21.1,0.86,2.04,70.0,Excellent
413,South West,3.457,27768,8032.4,6410,15,6,9,6,5,4,0.76,26.5,29.0,2.34,5.4,70.0,Excellent
414,South West,2.034,19751,9710.4,4509,11,4,7,5,3,3,0.61,36.5,33.3,2.44,5.57,65.8,Good
415,West,4.534,58438,12888.8,14029,12,5,7,5,4,3,0.7,37.2,19.0,0.86,2.05,63.3,Good
416,South West,1.725,14519,8416.8,3720,8,3,5,3,2,3,0.42,39.5,28.6,2.15,5.51,68.9,Good
417,South,5.119,45660,8919.7,10852,23,10,13,11,7,5,0.79,38.4,23.6,2.12,5.04,66.6,Good
418,North West,1.22,14403,11805.7,3547,4,2,2,1,1,2,0.42,27.9,25.3,1.13,2.78,65.0,Good
419,North West,4.22,56940,13492.9,14328,15,7,8,6,5,4,0.73,25.3,29.0,1.05,2.63,60.1,Good
420,East,0.77,18990,24662.3,4489,5,3,2,2,1,2,0.83,41.2,43.1,1.11,2.63,35.0,Needs Improvement
421,South,2.514,20151,8015.5,4632,10,4,6,4,3,3,0.47,29.5,25.9,2.16,4.96,70.0,Excellent
422,South West,8.61,81774,9497.6,21372,47,18,29,18,15,14,0.76,39.6,20.2,2.2,5.75,70.0,Excellent
423,Central,0.69,11474,16629.0,2630,2,1,1,0,0,2,0.97,43.7,39.0,0.76,1.74,35.0,Needs Improvement
424,West,3.235,36683,11339.4,8522,7,3,4,2,2,3,0.68,39.1,28.3,0.82,1.91,53.8,Good
425,North West,1.741,23813,13677.8,6413,6,3,3,2,1,3,0.64,37.9,30.7,0.94,2.52,52.5,Good
426,North East,7.581,198505,26184.5,39704,44,28,16,18,15,11,0.52,46.2,40.7,1.11,2.22,38.6,Needs Improvement
427,East,0.674,11392,16902.1,2426,2,1,1,0,0,2,0.87,54.3,35.7,0.82,1.76,35.0,Needs Improvement
428,North,0.938,6525,6956.3,1480,2,1,1,0,0,2,0.21,38.5,29.3,1.35,3.07,62.4,Good
429,North West,12.889,132294,10264.1,35095,34,17,17,13,13,8,0.27,33.7,21.9,0.97,2.57,65.0,Good
430,South,1.792,8481,4732.7,1737,4,1,3,1,1,2,0.52,28.4,18.2,2.3,4.72,70.0,Excellent
431,South,2.233,18062,8088.7,3624,9,4,5,4,3,2,0.72,31.2,19.4,2.48,4.98,70.0,Excellent
432,North West,1.844,24250,13150.8,4939,6,3,3,2,2,2,0.44,38.4,24.9,1.21,2.47,62.7,Good
433,North East,3.754,86745,23107.4,17886,19,12,7,9,6,4,1.33,50.1,38.3,1.06,2.19,35.0,Needs Improvement
434,South,1.865,16206,8689.5,3283,8,3,5,3,2,3,0.8,28.6,22.4,2.44,4.94,70.0,Excellent
435,South West,2.076,20536,9892.1,4796,11,4,7,4,3,4,0.37,38.0,23.3,2.29,5.36,70.0,Excellent
436,North West,1.259,18452,14656.1,4440,5,2,3,2,1,2,0.73,34.0,22.6,1.13,2.71,61.5,Good
437,East,2.81,52390,18644.1,11474,13,7,6,5,4,4,1.26,43.7,38.3,1.13,2.48,35.0,Needs Improvement
438,North West,3.405,48140,14138.0,10970,12,6,6,5,4,3,0.23,37.2,21.4,1.09,2.49,65.0,Good
439,South,5.43,34233,6304.4,7066,17,7,10,7,5,5,0.55,35.1,18.5,2.41,4.97,70.0,Excellent
440,East,3.674,70761,19259.9,15818,18,10,8,7,6,5,0.84,52.9,38.1,1.14,2.54,35.0,Needs Improvement
441,South,3.146,26277,8352.5,6216,13,5,8,5,4,4,0.69,37.4,28.7,2.09,4.95,64.2,Good
442,West,2.339,28601,12227.9,7186,6,2,4,2,1,3,0.72,34.7,31.0,0.83,2.1,53.6,Good
443,West,6.413,91294,14235.8,18280,17,7,10,7,5,5,0.24,39.3,26.9,0.93,1.86,65.2,Good
444,South,0.988,9848,9967.6,2291,5,2,3,2,1,2,0.4,35.1,25.2,2.18,5.08,70.0,Excellent
445,East,1.671,41030,24554.2,9059,10,6,4,4,3,3,1.45,42.5,41.4,1.1,2.44,35.0,Needs Improvement
446,North,1.757,20694,11778.0,5374,6,3,3,2,2,2,0.53,32.9,25.4,1.12,2.9,62.5,Good
447,North West,1.387,15212,10967.6,3804,4,2,2,1,1,2,0.78,31.4,31.3,1.05,2.63,53.0,Good
448,North West,2.89,32910,11387.5,7939,8,4,4,3,2,3,0.61,36.2,33.5,1.01,2.43,51.6,Good
449,North,2.04,22915,11232.8,5027,6,3,3,2,2,2,0.64,35.6,34.2,1.19,2.62,52.2,Good
450,North East,3.784,84723,22389.8,22343,20,13,7,9,6,5,1.47,49.9,35.4,0.9,2.36,35.0,Needs Improvement
451,East,1.134,19166,16901.2,3893,5,3,2,2,1,2,1.24,52.8,38.6,1.28,2.61,35.0,Needs Improvement
452,East,2.635,54394,20642.9,11295,13,7,6,5,4,4,1.1,40.2,36.5,1.15,2.39,35.0,Needs Improvement
453,Central,6.585,144504,21944.4,32862,29,15,14,14,9,6,0.98,47.1,38.3,0.88,2.01,35.0,Needs Improvement
454,East,1.295,29671,22912.0,6192,7,4,3,2,2,3,1.38,47.7,41.0,1.13,2.36,35.0,Needs Improvement
455,South,1.685,13434,7972.7,3586,7,3,4,2,2,3,0.38,37.4,27.3,1.95,5.21,70.0,Excellent
456,East,2.962,57752,19497.6,14776,15,9,6,6,5,4,0.55,51.5,43.1,1.02,2.6,35.0,Needs Improvement
457,New Delhi,1.498,10714,7152.2,2337,8,4,4,3,2,3,0.55,27.2,18.1,3.42,7.47,70.6,Excellent
458,South,1.53,10084,6590.8,2432,5,2,3,2,1,2,0.44,31.0,21.0,2.06,4.96,70.0,Excellent
459,North,1.649,20101,12189.8,5402,6,3,3,2,1,3,0.49,28.8,30.2,1.11,2.98,61.6,Good
460,North West,2.012,28534,14181.9,7472,7,3,4,3,2,2,0.58,38.7,24.3,0.94,2.45,58.5,Good
461,North East,1.365,25973,19027.8,6286,6,3,3,2,2,2,0.64,41.1,37.7,0.95,2.31,38.0,Needs Improvement
462,Central,18.84,394180,20922.5,103772,81,44,37,37,27,17,1.34,49.9,35.1,0.78,2.05,35.0,Needs Improvement
463,East,1.225,21213,17316.7,5711,5,3,2,2,1,2,0.76,54.0,38.8,0.88,2.36,35.0,Needs Improvement
464,East,2.043,40878,20008.8,10302,10,6,4,4,3,3,0.97,53.6,36.3,0.97,2.45,35.0,Needs Improvement
465,West,8.547,96678,11311.3,19775,19,8,11,8,6,5,0.62,27.3,21.9,0.96,1.97,68.3,Good
466,West,2.517,25566,10157.3,5831,5,2,3,2,1,2,0.28,32.2,29.3,0.86,1.96,64.6,Good
467,West,2.595,31328,12072.4,8102,6,2,4,2,2,2,0.45,34.0,19.4,0.74,1.92,68.3,Good
468,North West,0.621,8641,13914.7,1867,1,0,1,0,0,1,0.36,33.6,30.8,0.54,1.16,56.8,Good
469,South West,4.196,39517,9417.8,10201,22,8,14,9,7,6,0.4,34.0,21.4,2.16,5.57,70.0,Excellent
470,North West,3.428,34765,10141.5,7245,9,4,5,4,2,3,0.35,27.7,33.2,1.24,2.59,62.7,Good
471,North West,2.42,24542,10141.3,4989,6,3,3,2,2,2,0.77,29.0,32.4,1.2,2.44,54.7,Good
472,South,1.223,8231,6730.2,1867,4,1,3,1,1,2,0.6,27.3,23.0,2.14,4.86,70.0,Excellent
473,South,1.688,12583,7454.4,2548,6,2,4,2,2,2,0.61,36.1,29.3,2.35,4.77,67.9,Good
474,West,2.301,34381,14941.8,9180,7,3,4,3,2,2,0.53,33.7,25.5,0.76,2.04,62.9,Good
475,New Delhi,4.88,31758,6507.8,8188,24,12,12,11,7,6,0.28,28.3,24.9,2.93,7.56,66.9,Good
476,North,2.969,29386,9897.6,7524,9,4,5,4,3,2,0.25,31.7,33.8,1.2,3.06,61.5,Good
477,West,0.536,8861,16531.7,2162,2,0,2,0,0,2,0.44,31.0,20.8,0.93,2.26,70.0,Excellent
478,North West,0.797,10134,12715.2,2180,3,1,2,1,0,2,0.38,28.0,21.1,1.38,2.96,65.0,Good
479,New Delhi,1.623,7681,4732.6,1814,6,3,3,2,1,3,0.53,32.6,24.6,3.31,7.81,72.0,Excellent
480,North West,5.083,60229,11849.1,14563,15,7,8,6,5,4,0.67,28.7,34.3,1.03,2.49,54.3,Good
481,North West,0.739,9119,12339.6,2158,2,1,1,0,0,2,0.44,29.6,24.4,0.93,2.19,65.0,Good
482,East,2.295,55435,24154.7,12096,14,8,6,6,4,4,0.73,52.3,37.0,1.16,2.53,35.0,Needs Improvement
483,South,1.851,14711,7947.6,3472,7,3,4,3,2,2,0.39,30.4,34.4,2.02,4.76,68.3,Good
484,Central,2.015,47682,23663.5,11175,9,4,5,3,3,3,0.72,51.3,43.3,0.81,1.89,35.0,Needs Improvement
485,North West,4.725,57412,12150.7,15486,15,7,8,6,4,5,0.28,33.3,23.8,0.97,2.61,65.0,Good
486,West,5.293,65511,12376.9,17217,13,5,8,5,4,4,0.51,30.1,21.1,0.76,1.98,68.2,Good
487,North West,2.653,38492,14508.9,8946,10,5,5,4,3,3,0.21,33.8,19.1,1.12,2.6,65.0,Good
488,North East,0.693,12500,18037.5,3045,3,1,2,1,1,1,0.73,45.9,35.1,0.99,2.4,36.2,Needs Improvement
489,West,4.702,51271,10904.1,12938,10,4,6,4,3,3,0.8,26.9,21.4,0.77,1.95,63.9,Good
490,South,5.462,41085,7522.0,8317,20,9,11,8,7,5,0.28,35.1,18.9,2.4,4.87,70.0,Excellent
491,New Delhi,1.333,10940,8207.1,2873,8,4,4,3,2,3,0.42,28.9,18.4,2.78,7.31,80.8,Excellent
492,North,1.314,13609,10356.9,3541,4,2,2,1,1,2,0.78,26.9,27.0,1.13,2.94,59.5,Good
493,North East,6.624,146508,22117.8,33992,33,21,12,15,11,7,1.37,42.7,44.8,0.97,2.25,35.0,Needs Improvement
494,South,1.311,10639,8115.2,2419,5,2,3,2,1,2,0.58,29.1,33.1,2.07,4.7,67.1,Good
495,South West,5.008,47785,9541.7,10470,26,10,16,11,10,5,0.62,35.5,33.5,2.48,5.44,66.3,Good
496,South,3.165,22909,7238.2,5346,12,5,7,5,4,3,0.28,26.2,27.8,2.24,5.24,70.0,Excellent
497,North West,4.239,55195,13020.8,11210,14,7,7,6,4,4,0.53,31.4,26.3,1.25,2.54,64.0,Good
498,New Delhi,2.538,16597,6539.4,4309,12,6,6,5,3,4,0.22,31.1,21.7,2.78,7.23,60.8,Good
499,North West,4.1,54523,13298.3,11039,13,6,7,5,4,4,0.79,34.2,19.9,1.18,2.38,62.5,Good
500,North West,0.718,7594,10576.6,1693,2,1,1,0,0,2,0.42,26.2,22.2,1.18,2.63,65.0,Good
